Workbook

Sheet Introduction
A1: INTRODUCTION & USER GUIDE
A3: AI Management Module Maturity Assessment Tool
A5: BSI Digital Trust
A7: This workbook supports the assessment of an organization’s AI Management System across multiple governance, operational, and technical domains. It is designed to help assessors evaluate requirements, review testing procedures, assign maturity scores, and automatically generate domain-level results and visual dashboards.
A9: Use this guide to understand how each sheet functions and how to complete the assessment effectively.
A13: Scoring Matrix
A15: This is where the assessor performs the primary assessment.
A17: How to Use This Sheet
A19: 1. Review each control requirement row-by-row.
A21: 2. Use the Test Procedure column to guide your evaluation.
A23: 3. Verify the required Evidence to confirm implementation.
A25: 4. Select a Maturity Score (0–5) from the dropdown in Column G.
... A55: Conditional formatting highlights domain risk categories:
A57: Score Range | B57: Risk Level | C57: Color
A58: 0–20% | B58: Critical Risk | C58: Red
A59: 21–40% | B59: High Risk | C59: Orange
A60: 41–60% | B60: Moderate Risk | C60: Yellow
A61: 61–80% | B61: Low Risk | C61: Light Green
A62: 81–100% | B62: Minimal Risk | C62: Green
A64: Purpose of Domain Scores
A66: Highlight areas of weak governance or operational maturity.
A68: Support prioritization and roadmap planning.
A70: Provide a clear summary for reporting and dashboards.
A72: Feed the Radar Chart dataset.
A76: Radar Data
A78: This sheet contains the dataset required for generating the Radar (Spider) Chart.
A80: How It Works
A82: Every domain is linked to a maturity percentage.
A84: Radar Chart pulls directly from Columns A and B.
A86: When values change in the Scoring Matrix, Radar Data updates automatically.
A88: Purpose
... A167: Domain labels and weights must remain consistent to avoid incorrect scoring.

Sheet Scoring Matrix
A1: Domain Name | B1: Clause / Control No. | C1: Control Description | D1: Requirements (Shall) | E1: Testing Procedure | F1: Evidence to Be Reviewed | G1: Maturity (0-5) | H1: Weight (3) | I1: Weighted Score (G*H) | J1: Comments/ Assessment Notes
A2: Governance & Oversight | B2: A.1.1 | C2: AI Governance Framework | D2: The organization shall establish an AI governance framework defining oversight roles, decision authority, escalation paths, and accountability for AI development, deployment, monitoring, and retirement. Governance must apply to all internal and third-party AI systems. | E2: 1. Documentation Review• Examine the AI governance policy or framework to confirm it defines: oversight bodies, roles & responsibilities, decision-making authority, and escalation/approval workflows.• Verify that governance requirements explicitly apply to all AI systems, including internally developed, externally procured, open-source, and embedded third-party models.2. Role & Accountability Validation• Review organizational charts, RACI matrices, and committee charters to verify assigned accountability for development, deployment, monitoring, review, risk approval, and model retirement.• Confirm responsibilities are formally assigned and traceable to named individuals or roles (e.g., AI Owner, Model Risk Officer, AI Ethics Lead).3. Governance Forum Testing• Verify existence of governance forums (steering committees, AI oversight councils, risk committees).• Review meeting cadences, agendas, minutes, and attendance logs to confirm forums meet regularly and as defined (monthly, quarterly, etc.).• Examine one or more meeting minutes to confirm discussions include AI performance, incidents, risks, approvals, drift, or compliance updates.4. Interviews• Interview governance owners to validate awareness of their responsibilities and confirm governance processes are followed in practice.• Assess escalation procedures (e.g., how AI failures, incidents, ethics concerns, or risk deviations are elevated).5. Coverage Validation• Select a sample of AI systems and verify each is registered, governed, and monitored under the governance framework.• Confirm third-party AI systems (APIs, SaaS, LLMs, embedded ML features) are included in governance scope.6. Governance Effectiveness Check• Identify whether governance outputs (decisions, approvals, escalations) are documented and traceable.• Assess whether governance activities feed into risk management, monitoring, and lifecycle decisions (e.g., model approvals, retirement decisions). | F2: Governance Documentation• AI governance policy/framework• AI governance charter / committee charter• AI oversight decision-making proceduresStructure & Roles• Organization charts for AI management• RACI matrix showing assigned responsibilities• Job descriptions for AI-related roles (if applicable)Operational Governance Evidence• Steering committee or oversight council meeting minutes• Meeting agendas, attendance sheets, and action logs• Escalation workflows or decision authority matricesSystem-Level Governance Evidence• AI system inventory showing governance assignment• Documentation showing review/approval of AI systems• Third-party AI assessment recordsAdditional Supporting Evidence• Emails or workflow logs demonstrating escalation or risk review• Governance dashboard or monitoring reports• Any internal audit or compliance reports regarding AI governance | G2: 0 | H2: 3 | I2: =G2*H2 -> 0
A3: Governance & Oversight | B3: A.1.2 | C3: Model Approval Workflow | D3: The organization shall define a mandatory approval workflow for new AI models and model updates, covering risk checks, documentation completeness, validation sign-off, operational readiness, and leadership approval. | E3: 1. Documentation Review• Examine formal model approval workflow diagrams or SOPs to confirm required steps include: risk assessment, validation/verification, documentation completion checks, explainability assessments (if required), operational readiness, and final leadership approval.• Verify the workflow applies to both new model deployments and model updates / retraining cycles.2. Governance Alignment Check• Confirm the workflow aligns with AI governance policies and escalation rules defined in A.1.1.• Validate that model approval roles are formally assigned (e.g., Model Owner, AI Risk Officer, Validation Lead, Deployment Manager).3. Sampling of Approved Models• Select a sample of AI models (new deployments + recent updates).• For each sampled model, verify the presence of required approval artifacts: – Completed risk assessment – Validation or V&V report – Testing coverage (bias, drift, robustness, privacy tests if applicable) – Documentation completeness checklist – Operational readiness review (monitoring setup, rollback plan, logs configured) – Final approval signatures or documented authorization4. Workflow Execution Validation• Confirm timestamps for workflow stages follow the documented process (no skipped stages).• Validate that automated approvals (if workflow is in Jira/ServiceNow/MLflow/MLOps platform) include history logs.• Check that rejections, escalations, and remediation steps are documented where applicable.5. Interviews• Interview model developers, approvers, and risk reviewers to confirm their understanding of the approval workflow and confirm the workflow is applied consistently.6. Completeness and Traceability Tests• Confirm all approval evidence is traceable to a single model ID, version number, or release tag.• Validate that third-party or vendor models also follow the approval workflow or have an equivalent evaluation and sign-off mechanism.7. Change Management Integration Check• Ensure model approval workflow is linked to formal change management (ITSM ticket, release management board, CAB review if applicable). | F3: Core Documentation Evidence• Model approval workflow diagrams• SOPs or governance documents defining the approval stepsApproval Artifacts / System Evidence• Model approval logs (Jira, ServiceNow, MLflow, Git, internal platforms)• Sign-off records from responsible authorities• Audit trails of approval timestamps• Version control history showing release approvalsRisk & Validation Evidence• Completed model risk assessments• Validation / V&V reports (performance, robustness, drift, bias testing, explainability checks)• Stress-test or adversarial test results (if applicable)Operational Readiness Evidence• Monitoring configuration records• Deployment readiness checklists• Rollback plans or fallback mechanismsChange Management Evidence• Change approvals (CAB records)• ITSM tickets associated with model deploymentAdditional Supporting Evidence• Documentation completeness checklists• Evidence of escalations or rejected approvals• Emails or workflow logs confirming leadership approval | G3: 0 | H3: 3 | I3: =G3*H3 -> 0
A4: Governance & Oversight | B4: A.1.3 | C4: AI System Inventory | D4: The organization shall maintain an inventory of all AI systems including purpose, owner, risk level, version history, dependencies, and deployment environment. | E4: 1. Documentation Review• Obtain the AI system inventory and confirm it includes mandatory fields: purpose, owner, risk level, lifecycle status, version history, data sources, model type, dependencies, deployment environment, monitoring status, and decommissioning plan (if applicable).• Verify that internal systems, third-party AI models, and embedded AI capabilities are all included.2. Completeness Testing• Cross-check the inventory against: – Production deployment platforms (cloud, on-prem, edge) – Model registry / MLflow / MLOps platforms – CMDB or asset management system – Application portfolio lists• Identify missing systems, outdated entries, or discrepancies (e.g., deployed models not listed in inventory).3. Ownership Validation• Confirm each inventory entry has assigned roles: Model Owner, Data Owner, Risk Owner, and Technical Maintainer.• Interview owners to validate they understand roles and confirm active accountability.4. Accuracy & Traceability Checks• Select a sample of AI systems and verify details match reality: – Version history matches Git/MLflow/version control – Risk level matches approved risk assessment – Purpose aligns with project documentation – Dependencies match architecture diagrams – Deployment environment matches cloud console / server configuration5. Update & Maintenance Process Review• Review procedures for updating the inventory when models change, retire, or move environments.• Validate last-updated timestamps and frequency of reviews.6. Integration With Governance• Confirm the inventory is referenced during model approval, risk review, monitoring setup, and retirement workflows.• Validate linkages to the change management process (ITSM). | F4: Core Inventory Sources• AI system inventory spreadsheet / database / platform export• CMDB entries related to AI assets• Model registry or MLflow exportVerification Evidence• Deployment records or cloud console screenshots showing active models• Version control history (Git, DVC, MLflow)• Architecture diagrams showing model dependencies• Risk assessment records for sampled modelsOwnership Evidence• RACI or assigned ownership metadata within the inventory• Interviews or confirmation emails from assigned ownersChange & Review Evidence• Workflow records showing updates to the inventory after releases• ITSM tickets referencing model updates or deployments• Logs showing periodic review or audit of inventory accuracyAdditional Supporting Evidence• Model retirement logs and decommissioning documentation (if applicable)• Monitoring dashboards for confirming active vs retired systems | G4: 1 | H4: 3 | I4: =G4*H4 -> 3
A5: Documentation & Traceability | B5: A.2.1 | C5: Model Registry & Versioning | D5: The organization shall maintain a model registry recording all model versions, metadata, configurations, lineage, training datasets, and deployment history. | E5: 1. Registry Structure & Completeness Review• Obtain access to the model registry (MLflow, SageMaker, Azure ML, Vertex AI, custom system).• Validate that each model entry includes minimum required metadata: model name, purpose, owner, risk level, model type, training data source, hyperparameters, training configurations, lineage information, deployment status, and version identifiers.• Confirm all active and retired models are listed.2. Version History Validation• Review version history logs for selected models.• Verify that each update (v1 → v2 → v3, etc.) includes timestamps, change notes, updated metadata, and links to source code commits or pipelines.• Confirm that versioning is immutable (no overwrites).3. Lineage Traceability Testing• Select a sample model and trace lineage end-to-end: – Dataset used → preprocessing pipeline → training job → model artifact → evaluation results → deployment.• Validate linkage exists and is documented in the registry or related tools.• Confirm that lineage includes dataset version, feature set version, and environment configuration.4. Deployment History Verification• Check deployment logs for each model version.• Confirm that registry entries match the actual deployed version in: – Cloud console / production environment – CI/CD logs or MLOps pipelines• Validate rollback and deprecation history exists where applicable.5. Consistency Across Systems• Cross-check registry entries against: – Git or version control repositories – Data catalog / feature store – CI/CD pipelines – CMDB and the AI System Inventory (A.1.3)6. Maintenance & Update Controls Review• Verify registry update procedures are documented and followed.• Confirm periodic reviews occur and outdated entries are archived or flagged.7. Access & Integrity Checks (Optional but recommended)• Verify only authorized roles can update model registry entries.• Confirm audit logs exist for registry changes. | F5: Core Evidence Sources• Model registry exports (MLflow, SageMaker, Azure ML, Vertex AI, etc.)• Model version logs showing complete history• Lineage documentation or lineage graphsTraceability Evidence• Dataset version identifiers• Feature store exports• Training pipeline logs• CI/CD deployment logs or MLOps pipeline outputsVerification Evidence• Cloud console screenshots showing actual deployed versions• Git commit history linked to model versions• Architecture diagrams mapping dataset → pipeline → modelGovernance & Maintenance Evidence• Procedures for registry updates• Audit logs showing changes to registry entries• Review logs or periodic audit records ensuring registry accuracyAdditional Supporting Documentation• Model deprecation/retirement logs• Approval workflow references (linked to A.1.2 Model Approval Workflow) | G5: 0 | H5: 3 | I5: =G5*H5 -> 0
A6: Documentation & Traceability | B6: A.2.2 | C6: Dataset Documentation & Lineage | D6: Dataset lineage shall be documented, including source, transformations, labeling, feature engineering, quality checks, and intended use. | E6: 1. Review Dataset Lineage Documentation• Obtain lineage diagrams or lineage graphs for selected datasets.• Confirm coverage of full lifecycle: data source → ingestion → processing → labeling → feature engineering → model training.• Check that intended use and limitations of the dataset are documented.2. Validate Source Documentation• Confirm dataset source is clearly identified (internal systems, APIs, third-party provider, open datasets).• Review licensing or data-sharing agreements where applicable.• Validate dataset risk classification aligns with organizational standards.3. Inspect ETL / ELT Pipelines• Review ETL/ELT workflow definitions within tools (Airflow, DBT, Glue, Dataflow, pipelines).• Validate transformation steps are documented and traceable.• Verify versioning of pipelines and transformation logic.• Check logs for successful execution and error handling.4. Review Labeling Processes & Quality Checks• Validate documentation of labeling guidelines, labeling workforce, sampling approach, review cycles.• Confirm existence of inter-annotator agreement metrics or QA checks.• Review error rates or corrective action cycles.5. Validate Feature Engineering Documentation• Review feature definitions and transformation logic (e.g., feature store metadata).• Confirm versioning of feature sets.• Validate link between specific dataset versions → specific feature sets → model version.6. Dataset Versioning & Traceability Tests• Select one dataset version and trace it through the pipeline to the model using it.• Validate dataset version is properly referenced in the model registry (A.2.1).• Ensure historical versions are stored and recoverable.7. Cross-System Consistency Review• Compare lineage documentation against: – Feature store metadata – Data catalog records – ETL logs – Model registry entries• Confirm naming conventions and identifiers align.8. Data Quality Controls Verification• Inspect data quality rules (null checks, drift checks, outlier detection).• Review QA logs indicating when issues were detected and addressed.• Validate quality thresholds and approval for dataset readiness.9. Intended Use Validation• Confirm dataset use case aligns with documented purpose.• Verify dataset is not used outside approved contexts. | F6: Lineage Documentation• Dataset lineage graphs and diagrams• End-to-end lineage mapping artifactsDataset Metadata & Records• Data catalog entries (source, schema, ownership)• Dataset version history logs• Intended use documentationTransformation & ETL Evidence• ETL/ELT pipeline definition files (Airflow DAGs, DBT models, Glue scripts)• ETL run logs and system logs• Transformation logic documentationLabeling & Annotation Evidence• Labeling guidelines and instructions• Annotator training or QA documentation• Sample labeling outputs• Inter-annotator agreement reportsFeature Engineering Evidence• Feature store metadata• Feature set versioning reports• Feature engineering notebooks/scriptsQuality Assurance Evidence• Data quality rulesets• Validation reports (missing values, drift detection, outliers)• Approval logs for data readinessCross-Referencing Evidence• Model registry entries showing dataset version link (A.2.1)• CMDB or AI inventory mapping dataset usage• Documentation showing dataset-to-model mapping | G6: 1 | H6: 3 | I6: =G6*H6 -> 3
A7: Documentation & Traceability | B7: A.2.3 | C7: Logging & Auditability | D7: The organization shall log all AI-related training events, evaluation outputs, deployment activities, inference traffic, anomalies, drift signals, and rollback events. Logs must support forensic reconstruction. | E7: 1. Review Log Configuration & Architecture• Obtain logging architecture diagrams for AI systems (training, inference, deployment).• Validate that logging covers all required event types: training runs, evaluation outputs, inference requests, anomalies, drift detections, deployment actions, rollbacks.• Confirm log retention periods align with policy and regulatory requirements.• Verify integrity controls: immutability, hash chains, WORM storage, or audit trails.2. Inspect Training Logs• Review logs for training initiation, hyperparameters, dataset version used, run metadata, checkpoints, errors, interruptions.• Validate completeness and traceability to model versions stored in the registry (A.2.1).• Confirm logs allow reconstruction of full training workflow for forensic purposes.3. Inspect Evaluation Logs• Review logs capturing model testing results (accuracy, precision, recall, F1, confusion matrices).• Validate timestamps, evaluator identity, baseline comparison records.• Ensure logging captures failed evaluations or abnormal performance drops.4. Inspect Deployment Logs• Review logs documenting deployment actions, rollouts, rollbacks, environment changes, CI/CD operations.• Validate presence of approvals or sign-off logs where required.5. Inspect Inference Logs• Examine logs for inference requests (with appropriate pseudonymization), model version serving, latency metrics, throughput metrics, and errors.• Validate correlation identifiers linking requests to model versions and datasets.• Confirm mechanisms to prevent logging of sensitive inputs (PII filtering).6. Inspect Anomaly & Drift Logs• Review generated alerts from drift detection systems (data drift, concept drift, feature drift).• Validate anomaly detection events are logged with timestamps, source, severity, and assigned owner.• Confirm logs show follow-up actions or investigations.7. Inspect Rollback Logs• Review logs documenting rollback triggers, actions taken, impacted models, and responsible personnel.• Validate rollback events have traceable cause and corrective action documentation.8. Validate Ability to Support Forensic Reconstruction• Select an incident or drift event and simulate reconstruction of sequence of events using logs.• Confirm logs provide end-to-end traceability without gaps.• Validate time synchronization (NTP, timestamp consistency across systems).9. Access Control & Log Security Validation• Verify logs are access-controlled with least privilege.• Review audit logs showing who accessed or modified log configurations.10. Cross-System Consistency Review• Compare logs from model registry, monitoring systems, and infrastructure to ensure alignment.• Validate consistent identifiers across systems (model ID, deployment ID, dataset ID). | F7: Training Logs• Training lifecycle logs• Hyperparameter logs• Training run metadata• Checkpoint and error logsEvaluation & Testing Logs• Evaluation metrics reports• Baseline comparison logs• Performance drift logsDeployment & CI/CD Logs• Deployment pipeline logs• Rollout and rollback logs• Change request records• Deployment approval logsInference Logs• Inference request logs (redacted/filtered)• Latency and throughput metrics logs• Error logs• Model version-serving logsAnomaly & Drift Logs• Data drift detection alerts• Concept drift reports• Automated monitoring dashboard exports• Follow-up investigation notesSecurity & Audit Evidence• Log integrity checks (hashes)• Access audit logs• Logging configuration files• Retention policy documentationCross-System Evidence• Model registry references linked to logs• Monitoring platform outputs (Prometheus, Datadog, Splunk)• Incident reconstruction examples | G7: 0 | H7: 3 | I7: =G7*H7 -> 0
A8: Lifecycle Controls | B8: A.3.1 | C8: AI Design Documentation | D8: Each AI system shall have design documentation describing intended purpose, limitations, assumptions, dependencies, risk classification, and expected behavior. | E8: 1. Review Core Design Documentation• Obtain AI system design documents and verify they follow internal templates or standards.• Confirm that intended purpose and functional scope are documented and aligned with business requirements.• Validate that expected behaviors across normal, boundary, and abnormal states are clearly defined.2. Validate Documentation of Limitations & Assumptions• Examine documented model limitations: dataset constraints, known biases, operational limits, uncertainty ranges, explainability constraints.• Confirm assumptions: environment assumptions, user behavior assumptions, data quality assumptions, model stability assumptions.• Check that assumptions and limitations have been validated or tested during evaluation or risk assessment.3. Validate Risk Classification & Dependencies• Confirm risk classification (e.g., low/medium/high, impact ratings, harm potential) is documented and traceable to organizational or regulatory standards (e.g., ISO 42001, EU AI Act categories).• Review dependencies: libraries, external APIs, data sources, hardware, cloud components.• Ensure dependencies include version information and security considerations.4. Interview System Owners & Developers• Interview technical owners to confirm documentation accuracy, completeness, and ongoing relevance.• Validate that design documentation reflects the current implementation and is kept up-to-date through change management (A.3.x controls).5. Validate Alignment with Architecture & Requirement Specifications• Compare design documents to architecture diagrams to ensure consistency.• Confirm that functional and non-functional requirements (performance, latency, reliability, robustness, privacy constraints) map to the design description.6. Confirm Traceability Across Lifecycle Stages• Ensure traceability from design → development → validation → deployment → monitoring inputs.• Validate linkage to risk assessments, data documentation, model registry records, and testing artifacts.7. Assess Completeness Using a Design Checklist• Verify that documentation includes at minimum:— Intended purpose— System boundaries— Model architecture overview— Data sources & lineage references— Limitations & assumptions— Dependencies— Security & privacy considerations— Risk classification— Expected operational behavior• Document any missing or unclear elements. | F8: Design Documentation Set• High-level design documents• Detailed technical design specifications• Model cards and system cards• Functional & non-functional requirement documentsArchitecture Evidence• Architecture diagrams (logical, physical, data flow, ML pipeline)• Component dependency diagrams• Cloud infrastructure diagrams (if applicable)Risk & Limitation Evidence• Risk classification records• AI risk assessment outputs (ISO 23894, internal RA documentation)• Known limitations & assumptions logs• Bias or model interpretability assessment reportsTraceability Evidence• Links between design docs and training datasets• Mapping between design documentation and model registry entries• Change history or version tracking of design documentsSupport Files• Requirement specification documents• File repositories or Confluence/Wiki pages housing design documentation• Approval/sign-off records for design documentation | G8: 3 | H8: 3 | I8: =G8*H8 -> 9
A9: Lifecycle Controls | B9: A.3.2 | C9: Data Preparation Controls | D9: Data preparation steps (collection, cleansing, labeling, feature extraction, transformations) shall follow documented procedures and apply quality checks. | E9: 1. Review Documented Procedures (SOPs) for Data Preparation• Confirm documented procedures exist for each stage: data collection, cleansing, deduplication, normalization, labeling, feature extraction, and transformation.• Check alignment with organizational standards or regulatory expectations (ISO 42001, ISO 5259, etc.).2. Inspect Data Pipelines and Preprocessing Scripts• Review ETL pipelines or ML preprocessing pipelines for alignment with written procedures.• Validate use of automated checks: schema validation, missing value handling, outlier detection, bias checks, data type enforcement.• Confirm version control is implemented for preprocessing code (Git, MLflow, etc.).3. Validate Data Collection Controls• Confirm data sources are approved and documented.• Verify that consent, lawful basis, and usage restrictions are respected (cross-check with A.2.x and privacy controls if applicable).4. Assess Data Cleansing Procedures• Validate processes for noise removal, error correction, duplicate handling, standardization and normalization.• Review logs to confirm cleansing steps were executed consistently across dataset versions.5. Review Labeling & Annotation Processes• Inspect annotation instructions for clarity and consistency.• Verify that labeling guidelines include quality criteria, reviewer instructions, dispute resolution steps, and bias mitigation considerations.• Confirm annotation workforce (internal/third-party) competency requirements are defined and met.6. Evaluate Feature Engineering Controls• Inspect feature extraction scripts or notebooks.• Verify that transformations are documented, repeatable, and tested for stability.• Confirm that no prohibited or sensitive features are unintentionally created (e.g., proxy attributes).7. Validate Quality Checks & QA Controls• Review QA logs for completeness and adherence to thresholds (accuracy, annotation agreement, data drift stability, distribution checks).• Confirm sampling and review processes for manual QA.• Verify automated QA pipelines detect anomalies early and flag issues for remediation.8. Cross-check Dataset Versions & Traceability• Ensure dataset versions align with model registry references (A.2.1).• Validate that transformations and preprocessing steps are traceable to datasets used for training, testing, and validation.9. Interview Data Engineers & Annotators• Confirm processes are consistently followed and not bypassed.• Validate that staff understand quality criteria and documentation expectations. | F9: Procedural & Governance Documentation• Data preparation SOPs• Data collection requirements & source authorization records• Labeling guidelines and annotation instructions• Feature engineering documentationTechnical Evidence• Preprocessing notebooks (Jupyter, Databricks, Colab, etc.)• ETL pipeline configurations (Airflow, dbt, Spark, etc.)• Preprocessing scripts (Python, R, Scala), version-controlled repositoriesQuality Assurance Evidence• QA logs and quality check summaries• Annotation accuracy metrics (inter-annotator agreement, error rates)• Data validation outputs (schema validation, missing value reports, drift metrics)Traceability & Validation Evidence• Dataset version history• D | G9: 1 | H9: 3 | I9: =G9*H9 -> 3
A10: Lifecycle Controls | B10: A.3.3 | C10: Training Reproducibility | D10: Training must be reproducible through documented configurations, hyperparameters, versioned datasets, and notebooks/scripts. | E10: 1. Review Documented Training Configuration• Check that training parameters (hyperparameters, seeds, batch sizes, learning rates, epochs) are documented.• Confirm presence of environment specifications (Python version, libraries, hardware specifications).2. Validate Dataset Versioning & Snapshot Integrity• Ensure datasets used in training have version identifiers and are stored with controlled access.• Confirm consistency between dataset version referenced in logs and version used in training scripts.3. Inspect Training Scripts & Notebooks• Review notebooks/scripts for deterministic behavior (seed setting, fixed random states, reproducibility flags).• Validate use of version-controlled repositories (Git, Azure DevOps, GitLab, etc.).4. Execute Reproduction Exercise (Sampling Approach)• Attempt to reproduce a historical training run using the documented parameters and dataset snapshot.• Validate that reproduced outputs (e.g., accuracy, loss curves, evaluation metrics) fall within acceptable variation thresholds.5. Compare Reproduced Outputs to Historical Logs• Review historical training logs for baseline metrics and performance.• Confirm consistency in model artifacts (model weights, training curves, performance summary).6. Verify Environment Management Controls• Inspect use of environment containers (Docker, Conda YAML, virtual environments).• Confirm that training environment can be reconstructed from documentation.7. Validate Dependency & Library Management• Review dependency manifests (requirements.txt, conda.yaml, pipfile).• Confirm versions match historical training environment.8. Interview Data Scientists and ML Engineers• Confirm understanding of reproducibility expectations.• Validate consistent application of versioning and documentation practices.9. Inspect Artifact Tracking Mechanisms• Review model registry entries for training artifacts.• Validate linkage between model version → dataset version → training configuration. | F10: Technical Documentation• Training configuration files (YAML, JSON, notebook metadata)• Hyperparameter documentation• Environment configuration (Dockerfile, conda.yaml, requirements.txt)Dataset Evidence• Dataset snapshots• Dataset version logs• Data lineage mapping used in trainingCode & Version Control Records• Git repositories (commit history, tags, branch protection)• Training scripts and notebooks• MLflow logs or similar experiment tracking outputsTraining Output Logs• Historical training logs (metrics, loss curves, run metadata)• Evaluation results• Model artifacts (weights, checkpoints)Operational Records• Reproducibility test results• Change management tickets for training updates• Training environment snapshots (container images, execution logs) | G10: 5 | H10: 3 | I10: =G10*H10 -> 15
A11: Lifecycle Controls | B11: A.3.4 | C11: Model Validation & Verification (V&V) | D11: All AI models shall undergo validation to demonstrate performance, stability, robustness, and quality before deployment. | E11: 1. Review Model Validation Reports• Confirm that validation includes all required metrics (accuracy, precision, recall, F1, AUC, MAE, RMSE—depending on model type).• Check that validation follows a documented methodology (cross-validation, holdout, stratified sampling).2. Inspect Testing & Evaluation Datasets• Validate dataset quality, representativeness, labeling accuracy, and bias checks.• Confirm dataset versioning and alignment with training datasets.3. Validate Test Coverage• Check coverage for functional performance (accuracy, throughput).• Review stress testing results (high load, resource constraints).• Review robustness testing (noise injection, perturbations, adversarial samples).4. Verify Edge Case & Failure Mode Testing• Ensure the team tested rare conditions, corner cases, and known risks.• Validate documentation of model failure behaviors and expected degradation patterns.5. Review Stability & Consistency Testing• Inspect repeat-run tests to validate that results remain stable.• Confirm confidence intervals and variance measurements.6. Validate Bias & Fairness Testing (if applicable)• Review fairness metrics across demographic groups.• Assess presence of drift or unequal error rates.7. Validate Adversarial & Security Testing (Robustness)• Inspect robustness evaluations against adversarial attacks, data poisoning, or malformed inputs.8. Inspect Model Documentation for Validation Traceability• Confirm linkage between validation results → approval workflow → deployment readiness.9. Verify Independent Review or Peer Approval• Confirm that validation results were reviewed and approved by an independent authority (risk, QA, or second data scientist).10. Interview Model Owners• Validate that the team understands limitations, risks, and conditions of safe model use. | F11: Validation Artifacts• Full V&V report (performance, robustness, stability, fairness).• Test plan and test results.• Stress test and load test results.Dataset Documentation• Test dataset metadata.• Dataset versioning logs.• Dataset quality checks.Robustness & Reliability Evidence• Adversarial test results.• Perturbation analysis.• Sensitivity analysis.Operational Readiness Evidence• Performance dashboards (Grafana, MLflow, custom dashboards).• Deployment-readiness checklist.• Peer review / approval logs.Governance & Traceability Evidence• Validation sign-off forms.• Risk assessment updates based on validation findings.• Documentation linking validation results to model registry entries. | G11: 5 | H11: 3 | I11: =G11*H11 -> 15
A12: Lifecycle Controls | B12: A.3.5 | C12: Deployment Approval Gates | D12: Deployment must require documented approval confirming passed risk checks, validation, security review, and operational readiness. | E12: 1. Review Deployment Workflow Documentation• Confirm documented deployment lifecycle (Dev → Staging → Prod).• Validate existence of predefined approval gates before production deployment.2. Sample Recent Deployments• Select a sample of newly deployed AI models.• Verify each deployment followed the required gate process.3. Validate Risk Check Completion• Confirm that risk assessments, privacy reviews, security reviews, and failure-mode analyses were completed and approved.• Review risk mitigation plans linked to deployment decisions.4. Verify Validation Sign-Off Prerequisites• Check that V&V results were reviewed and formally approved prior to deployment.• Confirm thresholds (performance, robustness, bias, stability) were met.5. Review Security Readiness Checks• Inspect secure configuration reviews (API auth, encryption, access controls).• Validate pen-test or vulnerability scan results (where applicable).6. Verify Operational Readiness Sign-Off• Confirm that monitoring dashboards, alert rules, scaling configurations, and rollback procedures were validated before deployment.7. Inspect Change Management & Ticketing Records• Validate that every deployment is tied to a change request (ITSM systems such as ServiceNow, Jira, Azure DevOps, GitOps pipelines).• Confirm approvals were provided by authorized roles.8. Review Deployment Logs & Pipelines• Inspect CI/CD artifacts to confirm integrity and traceability.• Validate that correct model versions were deployed.9. Interview Stakeholders (Optional)• Speak with DevOps, ML engineers, and product owners to confirm understanding of approval gate requirements.10. Validate Rollback Documentation• Ensure deployment plans include rollback conditions and rollback testing evidence. | F12: Approval & Governance Artifacts• Deployment approval forms or digital sign-offs.• Risk assessment approvals.• Security review checklists.• V&V sign-off documentation.Change Management Evidence• Change request tickets (ServiceNow, Jira, GitLab/GitHub pipelines).• Deployment tickets with timestamps, approvals, and version IDs.Technical Validation Evidence• CI/CD logs showing deployment events.• Model versioning entries confirming deployed version.• Environment promotion logs (Dev → Test → Prod).Operational Readiness Evidence• Monitoring dashboards configured for the model.• Alert rules and operational thresholds.• Runbooks and rollback procedures.• Release notes documenting known risks and deployment details.Compliance Evidence• Third-party model assessment approvals (if applicable).• Evidence of adherence to deployment policy requirements. | G12: 5 | H12: 3 | I12: =G12*H12 -> 15
A13: Lifecycle Controls | B13: A.3.6 | C13: Monitoring & Drift Detection | D13: The organization shall continuously monitor AI performance, data drift, concept drift, and anomalies, triggering alerts when thresholds exceed limits. | E13: 1. Review Monitoring Dashboards• Validate dashboards exist for each production model.• Confirm metrics tracked include performance, latency, error rates, feature distributions, and drift indicators.• Ensure dashboards are updated in real time or near–real time.2. Inspect Drift Detection Logic• Review implemented drift detection algorithms (e.g., KS-test, PSI, KL divergence, windowing methods).• Validate thresholds for drift alerts are documented and justified.• Confirm logic covers both data drift (input change) and concept drift (relationship change).3. Verify Operational Alerting Configurations• Inspect alerting rules in monitoring platforms (e.g., Prometheus, Datadog, AWS CloudWatch, Azure Monitor).• Confirm alert rules notify relevant stakeholders (ML engineers, product owners, SRE/DevOps).• Validate escalation paths exist for high-severity drift or anomaly events.4. Evaluate Historical Drift and Anomaly Events• Review sample drift alerts triggered in the past 6–12 months.• Confirm drift investigations were carried out and documented.• Validate whether corrective actions were taken (retraining, feature fixes, label updates).5. Review Anomaly Monitoring Mechanisms• Check for detection of unexpected spikes, missing features, out-of-range values, or inference failures.• Confirm anomaly detection thresholds are tested and updated periodically.6. Verify Performance Degradation Monitoring• Validate tracking of key KPIs such as accuracy, precision/recall, AUC, false positives/negatives, stability, and robustness metrics.• Validate automated or manual alerts occur if performance drops below acceptable limits.7. Interview Stakeholders• Confirm data science and MLOps teams understand monitoring procedures.• Validate responsibilities for responding to drift alerts are clearly assigned.8. Review Runbooks and Incident Response Procedures• Ensure monitoring alerts are linked to runbooks with clear mitigation steps.• Confirm rollback procedures exist for severe drift or anomaly failures.9. Inspect Integration With CI/CD or MLOps Pipelines• Confirm monitoring is embedded into post-deployment workflows.• Validate that detected drift can trigger retraining pipelines or manual review workflows. | F13: Monitoring & Observability Evidence• Monitoring dashboards (Datadog, Grafana, Kibana, MLflow, Sagemaker, Vertex AI).• Model performance trend reports.Drift Detection Evidence• Drift logs (feature drift, data drift, concept drift).• PSI, KS-test, or feature distribution comparison reports.• Drift detector configuration files.Alerting & Incident Evidence• Alert history logs (email, Slack, PagerDuty, ServiceNow integration).• Escalation workflows and severity notes.• Anomaly detection logs.• Incident tickets related to drift or performance issues.Corrective Action Evidence• Retraining logs and model update records triggered by drift.• Root-cause analysis (RCA) documentation.• Post-incident reports.Operational Documentation• Monitoring SOPs.• Runbooks for anomaly/drift events.• Threshold justification documents.• MLOps/DevOps pipeline configs referencing monitoring and drift triggers. | G13: 5 | H13: 3 | I13: =G13*H13 -> 15
... A34: Vendor & Third-Party Management | B34: A.7.5 | C34: Contractual Governance Requirements | D34: Contracts shall require transparency, logging, access to model documentation, operational audits, and restrictions on secondary data use. | E34: 1. Review Contract Language• Examine master agreements, licensing terms, and service contracts for AI-specific control requirements.• Verify that contracts explicitly mandate: – transparency on model behavior, assumptions, and limitations – access to model documentation or model cards – vendor-provided logs or operational telemetry – restrictions on vendor secondary data use, resale, training-with-customer-data, or profiling – right to audit model operations, controls, and security measures• Confirm clauses covering change management, notification timelines, performance degradation communication, and security incident reporting.2. Inspect Vendor Compliance• Validate whether the vendor is meeting contractual obligations (documentation delivery, logging access, reporting frequency).• Request samples of logs or reports promised in the contract to confirm that vendor produces them in practice.• Review evidence of vendor participation in periodic compliance reviews or audits.• Validate that restrictions on data use are being followed (no unapproved retention, training, or aggregation).3. Verify Oversight & Governance Mechanisms• Ensure responsibilities for contract oversight are assigned internally (procurement, legal, AI governance).• Validate presence of escalation paths for breaches of contract requirements.4. Evaluate Contract Renewals & Amendments• Review any amendments to ensure requirements remain intact after service updates or pricing changes.• Ensure no contractual changes weaken governance or data protections.5. Review Vendor Audit Rights Execution (if applicable)• Confirm whether audits have been performed when required.• Validate follow-up actions from vendor audit findings. | F34: DPAs (Data Processing Agreements)• DPA terms covering data minimization, retention, usage boundaries, and rights to deletion.• Subprocessor lists and vendor disclosure obligations.Contractual Clauses• AI-specific contractual terms• Logging and transparency obligations• Documentation access requirements• Right-to-audit clauses• Security and incident notification terms• Secondary-use prohibitionsAudit Summaries• Results of vendor audits or compliance reviews• Vendor responses to audit findings• Records of operational oversight or periodic reviewsAdditional Supporting Evidence• Change-order documentation• Vendor-provided reports or logs• Contract renewal and amendment records• Compliance attestations (SOC 2, ISO 27001, AI governance disclosures, etc.) | G34: 0 | H34: 3 | I34: =G34*H34 -> 0

Sheet Risk Register
A1: Risk Category | B1: Risk Description | C1: Indicators | D1: Affected AI Systems | E1: Controls Required | F1: Mitigation Actions | G1: Monitoring Method | H1: Status
A2: Data Quality Risk | B2: Training data is incomplete, biased, corrupted, or unrepresentative, leading to unstable or inaccurate model behavior. | C2: High error rates; inconsistent predictions; missing values; outlier spikes; schema mismatches. | D2: Training models, retrained models, feature stores. | E2: A.3.2 Data Prep Controls; A.4.6 Data Quality Monitoring; A.5.1 Benchmarking. | F2: Improve data sourcing; rebalance datasets; implement automated validation; retrain model. | G2: Data quality dashboards; schema validation; drift monitors. | H2: Open / Mitigated / Accepted
A3: Data Drift Risk | B3: Production data deviates from training data, causing loss of accuracy or unintended model behavior. | C3: Drift alerts; accuracy drop; change in class distribution; KPI failures. | D3: All deployed ML models. | E3: A.3.6 Drift Detection; A.4.4 Monitoring Thresholds; A.5.4 Failure Mode Analysis. | F3: Retrain using updated data; adjust thresholds; patch feature pipeline. | G3: Drift dashboards; data distribution monitoring. | H3: Open / Mitigated
A4: Concept Drift Risk | B4: Relationships between features and outcomes change over time, reducing model reliability. | C4: Degrading model KPIs; misclassifications; shift in target distribution. | D4: High-frequency or real-time ML systems. | E4: A.3.6 Monitoring & Drift; A.3.4 V&V; A.5.4 Hazard Analysis. | F4: Rebuild features; update model architecture; integrate adaptive learning. | G4: Performance monitoring; KPI trend analysis. | H4: Open / Mitigated
A5: Model Robustness Risk | B5: Model is vulnerable to adversarial inputs or environmental variations. | C5: Adversarial test failures; abnormal output changes; inconsistent decision patterns. | D5: Vision models, NLP models, LLM pipelines. | E5: A.5.2 Stress Testing; A.5.3 Adversarial Testing. | F5: Implement input validation; add adversarial defenses; retrain with adversarial examples. | G5: Adversarial detection systems; robustness scoring. | H5: Open / Mitigated
A6: Model Interpretability Risk | B6: Human operators cannot explain or understand model decisions, reducing trust and increasing oversight failure risk. | C6: Escalations for unclear decisions; user complaints; audit failures. | D6: High-impact AI models in regulated or safety areas. | E6: A.5.5 Explainability Controls; A.6.1 HITL; A.6.4 Operator Training. | F6: Add explainability tools; create surrogate models; train operators. | G6: Explainability dashboards; operator feedback logs. | H6: Open
A7: Operational Stability Risk | B7: Failures in MLOps pipelines cause outages, model freeze, or stale predictions. | C7: Frequent pipeline failures; missing predictions; inference delays. | D7: All production AI. | E7: A.4.1 CI/CD; A.4.3 Env Separation; A.4.5 Reliability & Hardening. | F7: Strengthen CI/CD; add redundancy; enforce better testing. | G7: Pipeline logs; uptime dashboards. | H7: Open / Mitigated
A8: Integration Risk | B8: Model performs differently after integration into downstream systems. | C8: Inconsistent outputs; API errors; latency issues. | D8: API-based AI services; embedded AI in applications. | E8: A.3.5 Deployment Gates; A.4.1 CI/CD. | F8: API validation; integration testing; contract enforcement. | G8: Integration test reports; API monitoring. | H8: Open
A9: Human Oversight Failure | B9: Human supervisors fail to intervene due to inadequate training or lack of visibility. | C9: Delayed interventions; overrides not triggered; missed anomalies. | D9: High-risk automated AI systems. | E9: A.6.1 HITL; A.6.2 HOTL; A.6.4 Training. | F9: Improve dashboards; retrain personnel; adjust escalation rules. | G9: Operator activity logs; intervention metrics. | H9: Open
A10: Override & Fail-Safe Risk | B10: Lack of reliable fallback mechanisms causes harmful automated decisions. | C10: Failed rollbacks; system unable to stop inference; cascading errors. | D10: Autonomous or semi-autonomous systems. | E10: A.6.3 Override Controls; A.4.2 Rollbacks. | F10: Add manual stop triggers; redesign fail-safe pathways. | G10: Emergency drill tests; fallback logs. | H10: Open
A11: Vendor Dependency Risk | B11: AI performance is impacted by changes in third-party AI models beyond the organization’s control. | C11: Unexpected model behavior; degraded accuracy; sudden vendor updates. | D11: Third-party AI APIs; SaaS-based AI. | E11: A.7.1 Vendor Qualification; A.7.3 Unauthorized Change Prevention; A.7.4 Vendor Drift Monitoring. | F11: Require vendor transparency; implement shadow models; use vendor SLAs. | G11: Third-party monitoring dashboards; vendor notices. | H11: Open
A12: Vendor Transparency Risk | B12: Vendors do not provide documentation needed to assess model behavior or changes. | C12: Missing model cards; no update logs; limited visibility. | D12: All externally sourced AI. | E12: A.7.2 Documentation Requirements; A.7.5 Contractual Governance. | F12: Strengthen contract language; enforce compliance; replace vendor if needed. | G12: Evidence submission checks; vendor reviews. | H12: Open
... A20: Incident Detection & Response Risk | B20: AI incidents are detected late or escalated improperly. | C20: Long MTTD; delayed escalations; unresolved anomalies. | D20: All AI systems. | E20: A.3.6 Monitoring; A.6.3 Fail-safe; A.1.1 Governance. | F20: Improve detection tools; revise escalation paths; provide training. | G20: Incident logs; MTTR/MTTD metrics. | H20: Open

Sheet Domain Summary
A3: Domain Name | B3: Normalized Score (0–100)
A4: Governance & Oversight | B4: =SUMIF('Scoring Matrix'!$A:$A,A4,'Scoring Matrix'!$I:$I) / (COUNTIF('Scoring Matrix'!$A:$A, A4) * 15) * 100 -> 6.6666667
A5: Documentation & Traceability | B5: =SUMIF('Scoring Matrix'!$A:$A,A5,'Scoring Matrix'!$I:$I) / (COUNTIF('Scoring Matrix'!$A:$A, A5) * 15) * 100 -> 6.6666667
A6: Lifecycle Controls | B6: =SUMIF('Scoring Matrix'!$A:$A,A6,'Scoring Matrix'!$I:$I) / (COUNTIF('Scoring Matrix'!$A:$A, A6) * 15) * 100 -> 82.857143
A7: MLOps Controls | B7: =SUMIF('Scoring Matrix'!$A:$A,A7,'Scoring Matrix'!$I:$I) / (COUNTIF('Scoring Matrix'!$A:$A, A7) * 15) * 100 -> 63.333333
A8: Quality, Safety & Robustness | B8: =SUMIF('Scoring Matrix'!$A:$A,A8,'Scoring Matrix'!$I:$I) / (COUNTIF('Scoring Matrix'!$A:$A, A8) * 15) * 100 -> 84
A9: Human Oversight | B9: =SUMIF('Scoring Matrix'!$A:$A,A9,'Scoring Matrix'!$I:$I) / (COUNTIF('Scoring Matrix'!$A:$A, A9) * 15) * 100 -> 100
A10: Vendor & Third-Party Management | B10: =SUMIF('Scoring Matrix'!$A:$A,A10,'Scoring Matrix'!$I:$I) / (COUNTIF('Scoring Matrix'!$A:$A, A10) * 15) * 100 -> 80

Sheet Radar Data
B4: Domain Name | C4: Score
B5: Governance & Oversight | C5: ='Domain Summary'!B4 -> 6.6666667
B6: Documentation & Traceability | C6: ='Domain Summary'!B5 -> 6.6666667
B7: Lifecycle Controls | C7: ='Domain Summary'!B6 -> 82.857143
B8: MLOps Controls | C8: ='Domain Summary'!B7 -> 63.333333
B9: Quality, Safety & Robustness | C9: ='Domain Summary'!B8 -> 84
B10: Human Oversight | C10: ='Domain Summary'!B9 -> 100
B11: Vendor & Third-Party Management | C11: ='Domain Summary'!B10 -> 80

Sheet Methodology
A2: Maturity Model | E2: Scoring Formula
A3: Maturity Level | B3: Name | C3: Description (Assessor Guidance) | E3: Weighted Score = Maturity × 3
A4: 0 | B4: Not Implemented | C4: No control exists. No evidence of planning, documentation, implementation, or responsibility. High-risk and unmanaged. | E4: Where: | F4: Maturity is from 0 to 5
A5: 1 | B5: Initial / Ad Hoc | C5: Control is informally in place but inconsistent, undocumented, or reactive. Highly dependent on individuals, not processes. No measurable effectiveness. | F5: 3 is the fixed weight you selected
A6: 2 | B6: Developing / Partially Implemented | C6: Control has been partially implemented. Some documentation exists, but implementation is inconsistent or incomplete. Monitoring or review is minimal. | E6: Maximum score per control = 15
A7: 3 | B7: Defined / Implemented | C7: Control is documented, consistently applied, and supported by assigned roles. Procedures exist and are followed. Some monitoring or periodic reviews occur.
A8: 4 | B8: Managed & Measured | C8: Control is monitored, measured, and evaluated for effectiveness. Metrics, logs, testing, or validation activities demonstrate consistent operation. Improvements are driven by results.
A9: 5 | B9: Optimized / Continuous Improvement | C9: Control is fully mature, automated where appropriate, and integrated into AI risk management. Continuous improvement processes exist. Considered best-in-class and risk-driven.
E10: DOMAIN SCORE → RISK LEVEL → COLOR CODE
E11: Domain Score % | F11: Maturity Level | G11: Risk Level | H11: Color
A12: Color Coding | E12: 0% – 20% | F12: Very Low | G12: Critical Risk | H12: Red
A13: Score Range | B13: Meaning | C13: Color | E13: 21% – 40% | F13: Low | G13: High Risk | H13: Orange
A14: 0–1 | B14: High Risk | C14: Red | E14: 41% – 60% | F14: Medium | G14: Moderate Risk | H14: Yellow
A15: 2 | B15: Medium Risk | C15: Orange | E15: 61% – 80% | F15: High | G15: Low Risk | H15: Light Green
A16: 3 | B16: Defined | C16: Yellow | E16: 81% – 100% | F16: Very High | G16: Minimal Risk | H16: Dark Green
A17: 4 | B17: Good | C17: Light Green
A18: 5 | B18: Best Practice | C18: Dark Green

Sheet Abbreviations
A1: Abbreviation | B1: Meaning
A2: A/B Testing | B2: Split Testing (experiment comparison method)
A3: AIOps | B3: Artificial Intelligence for IT Operations
A4: API | B4: Application Programming Interface
A5: API Logs | B5: Application Programming Interface Logs
A6: BAA | B6: Business Associate Agreement
A7: BCP | B7: Business Continuity Plan
A8: BIA | B8: Business Impact Analysis
A9: CI/CD | B9: Continuous Integration / Continuous Deployment
A10: CRA | B10: Change Request Approval
A11: DPA | B11: Data Processing Agreement
A12: DR | B12: Drift Review
... A46: UAT | B46: User Acceptance Testing
