Workbook

Sheet Requirement_Intent_Library
A1: Intent ID | B1: Intent Name | C1: Intent Description | D1: Intent Text | E1: Embeddings
A2: INT-01 | B2: ISMS Scope Definition | C2: The scope and boundaries of the management system are defined and maintained | D2: INT-01 ISMS Scope Definition. The scope and boundaries of the management system are defined and maintained | E2: -0.0029080636, 0.046388585, 0.05317602, -0.036230844, -0.008144918, -0.022527253, 0.025113499, -0.019437801, 0.036441486, 0.02977108, 0.053784546, -0.020385701, -0.041707598, -0.022480443, 0.042222507, 0.027009297, -0.019273967, 0.042316128, 0.0067289197, 0.024107086, 0.057248477, 0.050414234, -0.010087528, 0.050039757, 0.0003770389, -0.05181853, -0.058371913, 0.027571017, 0.030871112, -0.0096837925, 0.0464588, -0.033071175, 0.009256653, 0.0025394356, 0.04697371, 0.0066294484, -0.017974991, 0.014862135, -0.0076943734, 0.00495307, -0.040607568, -0.027009297, -0.0067757294, 0.006360292, -0.012697179, 0.022808112, 0.016652614, -0.0024897002, 0.029466817, 0.00696882, 0.03393716, -0.033679705, 0.0016412713, -0.032392435, 0.030449824, -0.0103157265, -0.016605804, 0.051865343, -0.02374431, 0.039086245, 0.015201507, -0.031128567, 0.02019846, 0.008753447, -0.02279641, -0.00976571, 0.007466175, 0.0022497997, 0.0026330554, -0.018759057, 0.0086364215, 0.037377685, -0.050039757, -0.0032152534, 0.025417762, -0.014487657, 0.008811959, 0.0374479, 0.02967746, 0.010666801, -0.0038852196, 0.04100545, 0.018782463, -0.015131292, -0.030332798, 0.0232294, -0.027664635, -0.007296489, -0.0122758895, 0.00701563, -0.05598461, 0.047652453, -0.021403816, 0.010561478, 0.025534786, -0.081355564, -0.029185956, 0.015728118, -0.054861173, -0.007828952, -0.007436919, -0.021836806, 0.026775248, -0.055235654, 0.040560756, -0.028554024, -0.015482366, -0.0058424575, -0.025792241, -0.03468612, -0.003768195, -0.023135781, 0.015447259, 0.04554601, 0.004640029, -0.047886502, -0.062350754, -0.0026169645, 0.024481565, 0.0000070054816, 0.025558192, 0.00433869, -0.042058673, -0.031268995, 0.00012918428, -0.00990614, -0.026424175, -0.011883857, -0.047980122, -0.0049735494, 0.044492785, -0.034873355, 0.04748862, -0.03730747, -0.007905018, 0.025277333, -0.0018124199, 0.025815645, -0.051022764, -0.032392435, -0.008220985, -0.034147803, 0.024575185, 0.058559153, 0.008220985, -0.020210164, -0.04327573, 0.031596664, 0.037050016, 0.0062257135, -0.0069278614, -0.015131292, -0.03194774, -0.022187881, 0.02967746, -0.009443892, -0.015728118, 0.018431388, 0.035154216, 0.0077762906, 0.033960566, 0.03227541, 0.0044147563, 0.0076709683, 0.033469062, 0.0062900768, 0.007559795, 0.019156942, -0.06431677, 0.01914524, -0.037588328, -0.010596585, -0.014382334, -0.019016512, 0.005503086, 0.0053655817, -0.008683232, -0.011567891, -0.009467297, -0.010403494, 0.055235654, 0.028273165, -0.03370311, -0.025277333, 0.013867426, -0.0073257457, -0.03255627, 0.005441648, 0.02294854, -0.002597948, -0.01692177, 0.065206155, 0.046388585, -0.011304585, 0.0014167301, -0.04262039, -0.0450311, 0.04355659, -0.028998718, -0.027898686, 0.010602437, -0.03815005, 0.06998076, 0.007267233, -0.04812055, 0.019121833, -0.02820295, 0.04081821, -0.033492465, -0.0070507373, -0.0058190525, -0.010198701, 0.036137223, 0.004274327, -0.012919526, 0.05266111, 0.03204136, 0.033258416, 0.054486696, -0.008180026, 0.03882879, -0.0109125525, 0.06047836, 0.016980283, -0.024715614, 0.08449183, -0.024481565, -0.006219862, -0.0063251844, -0.085147165, -0.0048506735, -0.029162552, -0.016582398, -0.023884738, -0.08074704, 0.0059975153, -0.041169286, -0.04919718, -0.029373197, -0.035856362, 0.018934594, 0.013001443, 0.021930426, -0.0099997595, -0.01303655, -0.0042684753, -0.012018436, 0.01497916, -0.06712536, 0.0063778455, 0.0055440445, 0.0015608168, -0.00021229009, -0.061976276, -0.010169446, -0.014967457, -0.011632254, 0.016746232, 0.015271721, 0.022585765, -0.05298878, -0.004806789, -0.0071619106, -0.0150025645, -0.044539597, 0.0150142675, 0.024481565, 0.018700546, 0.054720744, -0.043767232, -0.030005129, 0.0492908, 0.008560356, -0.031245591, -0.031011542, -0.0027252124, -0.016137704, 0.039811797, -0.051163193, -0.0122758895, 0.006962969, -0.06618916, 0.00071677624, 0.009116223, 0.003370311, -0.022035748, 0.018735653, 0.008431628, 0.029841295, -0.0002691568, -0.00050796027, 0.022152774, -0.019098429, -0.013212088, -0.018712247, -0.02644758, 0.0384075, 0.0049501443, 0.009537512, 0.039741583, 0.051865343, 0.066423215, -0.024481565, -0.020362295, -0.030075345, 0.037284065, -0.0023097747, -0.01602068, -0.017986694, -0.06015069, 0.019484611, -0.04905675, 0.010456156, -0.008180026, -0.007998638, -0.047886502, 0.012568451, 0.025722027, 0.0056815487, 0.0074018114, -0.01393764, 0.004601996, -0.013340814, -0.030449824, 0.02237512, 0.024200706, -0.01142161, 0.0128844185, 0.023709202, 0.024902854, 0.043416157, 0.018267553, 0.03162007, -0.03962456, -0.020491023, 0.012205675, -0.010327429, 0.025090093, -0.013375922, -0.041684195, 0.015037673, -0.04716095, -0.039999038, 0.028226355, 0.019566528, -0.0025730804, -0.087908946, -0.02290173, 0.09090478, -0.011714172, -0.011380651, -0.06506573, -0.008373116, 0.033211607, -0.050975952, -0.017787753, 0.05720167, -0.040584162, -0.008689083, 0.0076943734, -0.06717217, -0.017998397, 0.004309434, -0.011602998, -0.010707759, -0.023170888, 0.010268916, 0.009010901, -0.07840654, -0.011263627, 0.03915646, -0.010830635, -0.025417762, -0.022854922, -0.0236975, 0.037845783, 0.006512424, -0.011608849, -0.010783825, -0.0044059795, 0.06759346, 0.008291199, -0.000525514, 0.025113499, 0.05996345, 0.0058132014, -0.04020968, -0.026939083, -0.020502726, 0.020058032, -0.00057012966, 0.03536486, 0.017073901, 0.018209042, -0.022585765, -0.007214572, 0.009209843, 0.031198781, 0.066095546, -0.021298492, 0.06047836, 0.011497675, -0.05645271, -0.0042684753, -0.0530824, -0.015166399, -0.013001443, 0.028741263, -0.020561237, -0.012428022, -0.0062900768, -0.06029112, 0.027430587, 0.042222507, -0.021871913, -0.011503527, 0.03910965, 0.0049998797, 0.031128567, -0.0013830855, 0.0005072289, -0.028226355, -0.022574062, -0.036207438, 0.009502404, -0.003569253, -0.03426483, -0.026517794, 0.007261382, -0.05247387, 0.0012982426, 0.013528054, -0.0026345183, 0.021930426, -0.066235974, 0.018525008, 0.008847066, -0.037073422, 0.02195383, -0.022457037, 0.031549856, 0.002719361, -0.028905097, -0.03360949, 0.0068576466, 0.050507855, -0.032626484, 0.0062608207, 0.04863546, -0.028039115, 0.0125801535, -0.02602629, 0.03592658, -0.008191728, -0.01744838, 0.0034814845, -0.02094742, -0.036769155, -0.033164795, 0.003180146, -0.00094789994, 0.016652614, 0.0026228158, 0.042573582, 0.001284346, 0.030215774, -0.0053099953, -0.03536486, -0.020596346, -0.015564283, -0.043439563, 0.02290173, 0.030168964, -0.04915037, 0.025277333, -0.004838971, -0.023861334, 0.0092332475, -0.0030777494, 0.00067216053, 0.023334723, -0.023252806, -0.025909266, 0.01100032, 0.07358512, 0.07555114, -0.009648685, 0.012978038, 0.014417442, 0.012814203, -0.004300657, -0.023954954, 0.0052163755, -0.010614139, 0.008712488, -0.070355244, 0.013095062, -0.035622314, -0.03288394, 0.013446136, 0.02663482, 0.011883857, 0.027711445, 0.030168964, 0.046341777, 0.0058336807, -0.029630652, 0.021485733, -0.0077236295, -0.0056288876, -0.027149728, 0.043954473, 0.0005116173, 0.005263185, 0.01777605, -0.0275008, 0.039554343, 0.00025196877, 0.006986374, -0.026915679, 0.03859474, -0.04545239, 0.0023712127, 0.02810933, 0.0084901415, -0.020069733, -0.040420327, -0.10054761, -0.02184851, 0.0039027734, 0.0036189884, -0.01768243, 0.0122875925, 0.04587368, 0.006061879, 0.0058132014, 0.0021357005, -0.008133216, -0.006717217, 0.041216094, 0.012264187, -0.022597468, 0.05359731, -0.0055528213, -0.013329112, -0.0041631535, -0.020303784, 0.024387944, 0.014815326, 0.01768243, -0.000042147174, -0.030356204, 0.02616672, 0.006787432, 0.038992625, 0.010011462, 0.0024326507, -0.03503719, 0.0077821417, 0.011105643, -0.033632897, -0.047231164, 0.03213498, -0.00796353, 0.0011044205, -0.024083681, -0.0031450384, 0.029560436, -0.014312119, 0.0035399967, 0.009847627, 0.03023918, -0.048167363, 0.042550176, -0.019461205, -0.007706076, 0.012790798, -0.0048887064, 0.029373197, -0.016172811, 0.0050349873, -0.027383776, -0.011503527, -0.04498429, -0.006693812, 0.0384075, -0.040584162, 0.019742064, 0.0046429546, -0.012299295, 0.016196217, 0.00748958, 0.025768837, 0.0023112376, -0.0045902934, -0.025956076, 0.04332254, 0.018946297, -0.004686839, 0.034335043, 0.0122875925, -0.0011870692, 0.007618307, -0.04189484, -0.017542, 0.011883857, -0.030309394, -0.0036804264, 0.028858287, 0.018255852, 0.0033907904, 0.027102917, 0.0031596667, -0.00021320436, -0.0015812961, 0.011439163, -0.009759859, -0.0013728458, -0.0016339571, -0.002170808, -0.018548412, -0.013691888, -0.009490702, 0.00020515891, 0.04826098, 0.0069746715, -0.025230523, -0.033398844, -0.008215133, 0.028764669, 0.02469221, 0.0069278614, 0.043416157, -0.006740622, 0.003393716, 0.019086726, 0.0067289197, 0.0067055146, 0.0027720223, 0.0035282944, 0.05163129, 0.0031421129, 0.04840141, -0.050367426, 0.04725457, -0.0006853258, 0.0060267714, 0.0073784064, -0.02332302, 0.005312921, -0.022632575, -0.03138602, 0.0054884576, 0.033820134, 0.008203431, -0.014159987, 0.024996473, 0.008923132, -0.0054240944, 0.015154697, -0.026564604, 0.025441168, 0.012018436, 0.00068788574, 0.002941708, 0.008174174, -0.011181709, -0.009754008, -0.0066996636, 0.023311317, -0.013996152, 0.009291761, -0.012018436, 0.00053794787, 0.025207117, 0.002300998, 0.012966336, -0.014277012, 0.025043283, 0.021930426, 0.004961847, -0.009935396, -0.018501604, -0.02427092, -0.0078816125, -0.02299535, 0.042316128, -0.0010641932, 0.028507214, -0.008566207, 0.013282302, -0.022585765, 0.005005731, -0.009982206, 0.02105274, -0.025956076, 0.027688041, -0.0021064444, -0.020877205, -0.020584643, 0.013071657, 0.0034902613, -0.008987496, -0.018805867, -0.01768243, -0.005014508, 0.008946537, -0.021438923, 0.04072459, 0.01682815, -0.006998076, -0.0052544083, -0.01047371, 0.005134458, 0.019461205, -0.00616135, 0.020631453, -0.042831037, 0.01824415, -0.0067347707, -0.03290734, 0.003180146, -0.051022764, -0.022620872, 0.022655979, 0.028694453, 0.03777557, 0.016301539, 0.038430907, -0.015821738, -0.022667682, -0.0055820774, -0.0030426418, 0.0024326507, 0.007992786, 0.03379673, -0.035060596, -0.015189804, -0.021298492, 0.008016191, -0.029794486, 0.022433633, -0.06689131, 0.007735332, -0.00043189424, 0.00805715, -0.028600834, 0.01190141, 0.007413514, 0.030403014, -0.033305228, 0.007659266, 0.016289836, -0.0028480883, 0.038009617, 0.00839067, 0.014651491, 0.05298878, -0.009332719, -0.012053543, -0.009467297, 0.0001285443, -0.038547933, -0.021754889, -0.012919526, -0.004455715, -0.04697371, 0.027477397, 0.036418084, 0.041028857, -0.010122635, -0.0023785268, -0.054580316, -0.018185636, 0.00495307, 0.035294645, -0.013247195, -0.025324142, -0.023088971, -0.01403126, 0.023627285, -0.022702789, 0.0033264267, 0.010971065, -0.017120712, 0.026564604, -0.033492465, -0.038173452, 0.0062549696, -0.034545686, -0.010719461, 0.022129368, -0.010280618, -0.022550657, -0.006617746, -0.018712247, 0.015903655, -0.08964091, -0.0067347707, -0.008730042, 0.028717859, 0.015283424, -0.0031655177, 0.053363256, 0.0073374477, 0.024762424, -0.022527253, 0.008946537, 0.017120712, -0.0062257135, -0.00047248718, 0.014195095, -0.011602998, -0.0004918694, 0.036839373, -0.02289003, -0.009455595, 0.022773005, -0.031222187, -0.053644117, 0.054205835, 0.018501604, -0.008536951, -0.012790798, 0.00516664, -0.0016880811, -0.0014174615, 0.007922571, 0.02621353, -0.00701563, 0.03023918, 0.0027296008, -0.034569092, 0.0019206677, -0.011158304, 0.010222106, 0.016687721, -0.009022604, 0.016991984, -0.0041455994, 0.013282302, -0.016910067, -0.022059154, 0.016207919, 0.018478198, 0.008267794, 0.0052105244, -0.04379064, -0.0015257094, 0.016757935, 0.021930426, -0.0042538475, 0.009941247, -0.008969942, -0.026845463, -0.010350834, 0.0012704493, -0.01919205, -0.0005836606, -0.009871032, 0.010409346, -0.043111894, 0.017460084, 0.011485973, 0.008045447, 0.005862937, 0.02469221, 0.0031684435, -0.00041763185, -0.033305228, 0.041871432, 0.032930747, 0.010883296, -0.041122474, -0.004897483, 0.023077268, 0.022211285, -0.010087528, 0.04470343, 0.061133698, 0.022480443, 0.013434434, -0.032392435, -0.009894437, -0.036909588, -0.010643396, -0.012662071, 0.021766592, -0.004400128, 0.017249439, 0.023533665, -0.012334402, 0.0035721785, 0.009514107, -0.051163193, -0.0043825745, -0.010848189, -0.0020976674, 0.00046334462, 0.0048857806, -0.0550016, -0.008788554, 0.014440847, 0.0042977314, 0.01502597, 0.015985573, 0.04863546, 0.0077587366, -0.0019192048, 0.024832638, 0.03384354, -0.010327429, 0.031690285, 0.01569301, -0.019648446, -0.0078055467, 0.02441135, -0.0037798975, -0.002912452, -0.030730683, 0.013890831, -0.013785508, -0.0023024608, 0.009051859, -0.02047932, -0.008133216, -0.031105163, 0.0014606144, 0.008355563, -0.03180731, 0.008466736, -0.025066689, -0.00829705, 0.029373197, 0.021462327, -0.008472587, -0.029396601, 0.025300737, 0.028951908, 0.006576787, 0.044375762, -0.009736454, 0.040233087, -0.018115422, -0.014054665, 0.00053648505, 0.02839019, -0.027173132, -0.015061078, 0.0065884897, 0.006219862, -0.019367585, 0.027734851, -0.026962489, -0.017179225, 0.020806989, -0.0036657983, 0.01744838, 0.016090894, -0.050929144, 0.020970823, -0.014581276, 0.026751844, -0.01839628, 0.009935396, -0.032766912, -0.025090093, 0.027571017, -0.017588811, 0.00035820526, -0.009321016, 0.005798573, 0.015856845, 0.008431628, -0.006787432, 0.040654376, -0.042222507, 0.015669605, 0.010105082, -0.030590253, 0.0072204233, 0.022773005, 0.004335765, -0.016734531, -0.0047043925, -0.028764669, 0.038618147, 0.005386061, 0.0125918565, -0.009110372, -0.0075071338, -0.059588972, -0.021286791, 0.005778094, -0.0023814524, -0.0008316067, 0.002811518, -0.020537833, 0.026915679, -0.035060596, -0.009923694, 0.015798332, -0.019976115, 0.017155819, 0.007711927, -0.038711768, -0.0020567088, 0.01236951, -0.010339132, -0.012147162, -0.04641199, 0.007314043, -0.005669846, 0.017038794, -0.037611734, 0.0034258978, 0.014499359, 0.017120712, -0.01393764, 0.0053070695, 0.026330555, 0.0020742626, 0.039226674, -0.028483808, 0.0008316067, -0.005778094, -0.006190606, 0.026283745, 0.026190124, 0.004157302, -0.018068612, 0.0038910708, 0.008109811, 0.0035253686, -0.039718177, 0.013071657, 0.013633376, -0.008542802, 0.007232126, -0.04166079, -0.03393716, 0.06071241, -0.035013787, 0.028156139, 0.031549856, -0.012545046, -0.018466495, -0.009420487, 0.0131886825, -0.005263185, -0.04156717, 0.016722828, 0.025066689, 0.018127125, -0.026236935, -0.01128118, 0.022105964, 0.0038735173, -0.0023858408, 0.025066689, 0.02374431, -0.011017874, -0.018957999, 0.046388585, 0.049992945, 0.010374239, -0.006038474, -0.009438041, -0.000013325272, 0.03597339, -0.00053685077, 0.011831196, -0.012357807, -0.004294806, 0.0042275167, 0.025090093, -0.008759297, -0.018934594, 0.031151973, 0.027641231, -0.01511959, 0.008449183, 0.00089816446, 0.0005547702, -0.02071337, 0.005623036, -0.041824624, -0.020163354, 0.009274206, 0.00034558852, -0.019917602, 0.028437, 0.0052748877, 0.022655979, 0.0050934996, 0.045709845, 0.039554343, -0.035481885, -0.005672772, -0.04826098, 0.05982302, 0.005266111, 0.013305707, -0.011690767, -0.017705835, -0.025792241, -0.0101460405, 0.001432821, -0.02413049, 0.013949343, -0.003905699, 0.0011995031, 0.00957262, -0.017460084, 0.00197918, 0.016711125, 0.0070799934, 0.002529196, 0.015891952, 0.033773325, 0.02934979, -0.03403078, 0.018981405, 0.034826547, -0.008349711, -0.031081757, -0.01147427, -0.011240222, 0.012100353, -0.0067289197, -0.007530539, 0.015388747, 0.026424175, 0.01166151, -0.020970823, 0.011556188, -0.004809715, -0.030590253, -0.020701667, -0.018150529, -0.009724751, 0.012743988, -0.005564524, 0.009952949, -0.034147803, -0.0054621273, -0.0156462, 0.06815518, 0.00029804726, -0.0028334602, 0.007998638, 0.036745753, -0.0042596986, 0.00580735, -0.02379112, -0.01934418, 0.0051549375, 0.020233568, 0.022737896, -0.017272843, -0.012954633, -0.051350433, 0.0049852515, -0.024247516, 0.013212088, -0.017424976, -0.023674095, 0.006190606, -0.008455033, -0.031830713, -0.0068869027, 0.008595463, -0.002805667, -0.020970823, 0.0073667043, 0.03166688, -0.02787528, -0.029209362, 0.02565181, -0.030777493, 0.0053772843, 0.03019237, -0.041403335, 0.008964091, 0.021064444, 0.004066608, 0.01497916, 0.018571818, -0.011380651, 0.012615262, 0.0022717419, -0.01493235, -0.02478583, -0.031456236, -0.032088168, 0.0128727155, -0.027009297, -0.033469062, -0.008999199, 0.058793202, -0.007466175, -0.011345544, -0.0037798975, 0.0077528856, -0.0048506735, 0.0027705594, -0.021403816, -0.0044908226, -0.023182591, 0.021345302, -0.007208721, 0.011562039, 0.0065007214, 0.0142185, 0.01881757, 0.023662392, 0.027313562, 0.049618468, -0.0007826026, -0.0017319653, 0.020362295, -0.0022439484, 0.0049325908, -0.01213546, 0.0076358607, 0.01863033, 0.0246454, 0.010128487, 0.016676018, -0.015330234, 0.0074310675, 0.002077188, 0.021181468, -0.0013918624, -0.0028861214, -0.008004488, -0.023147482, 0.0017670728, -0.013106765, -0.028460404, -0.0023185515, 0.019075025, 0.003972988, 0.0009815446, -0.041777812, -0.0003883757, -0.017998397, 0.03204136, -0.030800898, 0.005769317, 0.030730683, -0.040443733, 0.0017773125, 0.029115742, 0.00030188714, -0.035762746, 0.00045091074, -0.029700866, 0.019484611, -0.034147803, 0.005939003, 0.016278135, -0.0051315324, 0.0035516992, 0.02108785, -0.006576787, -0.001467197, 0.018887784, -0.011509378, 0.0036892032, -0.037518114, -0.01654729, 0.047184356, 0.0012119369, -0.008888025, 0.045475792, 0.013680186, 0.023428343, 0.039694775, -0.0073374477, -0.031034946, 0.0015154697, 0.0065826387, 0.050788715, 0.021005932, 0.004531781, 0.00967209, -0.005418243, -0.024528375, -0.050554667, 0.011673213, 0.018279256, 0.025815645, 0.0017261142, 0.03477974, -0.006810837, 0.022503847, -0.00094424293, -0.0002731795, 0.0024853118, 0.012533344, -0.022258095, -0.037377685, 0.013212088, 0.05266111, 0.020455915, 0.04142674, -0.0109125525, 0.003063121, -0.026751844, 0.028881693, 0.020409105, -0.009754008, 0.012392915, 0.016324945, -0.01009923, -0.0018840975, -0.020467618, -0.066750884, 0.025394358, 0.02232831, -0.036113817, -0.016266432, -0.013013145, 0.006892754, 0.0006026771, -0.01872395, -0.006237416, -0.015681308, 0.00843748, -0.0037798975, 0.018665439, -0.02839019, 0.004072459, -0.004988177, 0.031971145, -0.0003752104, 0.009771561, -0.0029300055, -0.034522284, -0.002660849, 0.005579152, -0.018092018, 0.006939564, 0.031456236, 0.010350834, 0.00044981364, 0.024973068, -0.020455915, 0.00036204513, -0.014452549, -0.015587688, 0.0073315967, -0.015400449, -0.01502597, -0.0068517956, -0.0045522605, 0.0017027092, -0.016383456, -0.020128246, -0.016196217, -0.0037594181, 0.029279577, -0.006044325, -0.012966336, 0.021134658, -0.011538634, -0.028460404, -0.0041982606, -0.0023053864, -0.05659314, 0.012896121, -0.011673213, -0.0067347707, -0.011152453, 0.0017685356, -0.024973068, 0.0072028697, 0.017834563, -0.0041397484, -0.013516352, 0.036418084, 0.0062842257, 0.012018436, 0.005886342, -0.018583521, 0.0048799296, -0.010192851, -0.012334402, 0.0060033663, -0.049758896, 0.029396601, 0.0012675236, 0.03204136, -0.01734306, -0.0071033984, -0.014850433, 0.016734531, 0.038547933, 0.0043855, 0.0070448862, 0.03868836, -0.018466495, -0.021134658, -0.01502597, 0.012299295, 0.014897243, 0.017366463, 0.0074837287, 0.036137223, -0.013551459, 0.0016749159, 0.011597146, 0.011251924, 0.0073257457, 0.02658801, 0.00004210146, 0.011339692, -0.023826227, -0.025394358, -0.039133057, -0.0071560596, 0.04554601, 0.0060794326, 0.0038998476, 0.005280739, 0.018759057, 0.0027178985, -0.00594778, 0.013059955, -0.011796089, 0.007390109, -0.019929305, 0.007594902, 0.006313482, 0.046271563, -0.0076768193, -0.0006769147, -0.025066689, 0.009203992, -0.055048414, -0.0026637744, -0.008525249, -0.016793042, -0.011404056, 0.010134338, -0.010602437, -0.004882855, -0.028694453, 0.021977236, -0.039554343, 0.0027105843, 0.019695254, -0.023814524, -0.013633376, -0.0051520118, -0.03679256, 0.006547531, 0.030754087, -0.03023918, -0.04484386, 0.018969702, -0.013691888, 0.000882805, -0.0035634018, 0.025066689, -0.012486534, 0.021731485, 0.031549856, 0.0036804264, 0.001628106, 0.10887977, -0.021111254, 0.024926258, -0.014195095, 0.012193972, -0.025277333, 0.020221867, -0.0222815, -0.038173452, 0.0052690366, 0.014908945, 0.0134929465, -0.023908144, 0.03005194, -0.011450865, 0.00049808633, 0.027009297, -0.018384578, 0.038641553, -0.017857967, 0.0140897725, 0.017705835, 0.009104521, 0.031690285, 0.002002585, -0.050882336, -0.004388426, -0.001933833, -0.007852357, 0.03398397, 0.030988138, -0.0030075344, 0.034218017, 0.0009596024, 0.012030138, -0.019437801, -0.008607166, -0.0034785587, -0.0077821417, 0.02142722, 0.036745753, -0.0011914576, 0.022773005, 0.0050993506, 0.00092888344, 0.037588328, -0.037915997, 0.00061913376, 0.01772924, -0.041824624, -0.012217377, 0.026939083, 0.02061975, 0.011287031, -0.012310998, 0.018981405, 0.037752163, -0.0062900768, 0.026096506, 0.0062608207, 0.011210965, 0.01004657, 0.0019645519, -0.007319894, -0.00037923313 | F2: =LEN(E2)-LEN(SUBSTITUTE(E2,",",""))+1 -> 1536
A3: INT-02 | B3: ISMS Process Management | C3: ISMS processes are defined, implemented, maintained, and interact as intended | D3: ISMS Process Management. ISMS processes are defined, implemented, maintained, and interact as intended | E3: [ -0.031074971, 0.044978216, 0.047344208, -0.030782271, -0.0030626773, 0.0052076187, 0.029977346, -0.009951796, 0.047490556, 0.01420814, 0.06112549, -0.021562224, -0.028343106, -0.019037688, 0.014134965, -0.0041648755, -0.0053783604, 0.04258783, 0.003954497, 0.028440671, 0.05141761, 0.0394657, -0.028879723, 0.063857354, -0.0054362905, -0.029489513, -0.02812358, 0.012842207, -0.018488877, -0.038221728, 0.067613676, -0.023525752, 0.009707879, -0.04229513, 0.04066089, 0.026879605, -0.023391599, 0.015500898, -0.002347697, 0.037050925, -0.02914803, -0.003994134, -0.0201719, 0.020488992, 0.005042975, 0.046563674, 0.020708516, -0.027513789, 0.02797723, 0.008311457, 0.010860385, -0.023976998, 0.03434345, -0.013451999, 0.003548986, -0.025245365, 0.018671812, 0.026733255, -0.029391946, -0.000045948735, 0.0011357365, -0.026660081, 0.026294205, 0.021147566, -0.03768511, -0.0085614715, 0.0021571373, 0.006524768, -0.010805504, -0.042075608, -0.026001506, 0.049295537, -0.022574479, 0.022489108, 0.015513094, -0.020818278, -0.0119763035, 0.01406179, 0.049393106, 0.022281779, -0.054344613, 0.038343683, -0.014793539, -0.029977346, -0.051173694, 0.020476796, -0.042197566, -0.016732676, -0.0098420335, -0.0008224562, -0.03268482, 0.06590626, -0.0026602151, 0.010890875, 0.014464253, -0.083224334, -0.018110806, 0.015354548, -0.066491656, 0.022854982, -0.013317845, -0.044880647, -0.005914977, -0.0033508039, 0.038929082, -0.041612167, 0.00865294, -0.00684186, -0.035855737, -0.03136767, 0.031026188, -0.012573899, 0.0063723205, 0.049124796, 0.044856258, -0.030294437, -0.0400511, 0.022330562, 0.030953012, -0.0133666275, -0.000665816, 0.016952202, -0.04595388, -0.02873337, -0.015476506, -0.023342816, -0.014622798, -0.023976998, -0.03212381, -0.024098957, 0.005475927, 0.011262847, 0.066491656, -0.01906208, 0.01347639, 0.032879952, 0.04149021, 0.03166037, -0.0415146, -0.03905104, -0.018110806, -0.04810035, 0.019049885, 0.065711126, -0.012720249, -0.06600382, -0.077272765, 0.05195423, 0.0028736421, -0.05034438, -0.015830185, -0.0020107871, -0.002911754, -0.0030504817, 0.0038569306, -0.0044758692, -0.00001099292, 0.012537312, 0.036124043, 0.016330214, 0.03492885, -0.018427897, 0.012378766, 0.009043206, 0.00056748715, -0.0038782735, 0.00990911, 0.017757127, -0.05136883, 0.02148905, -0.01508624, -0.017025376, -0.033367787, -0.014147161, -0.0069394265, -0.021379286, -0.037319236, -0.03429467, -0.027660139, -0.0042776866, 0.024672162, -0.011439687, -0.04817352, -0.03695336, 0.018220568, 0.0029773067, -0.04695394, -0.015427723, 0.014378882, 0.0155740725, -0.015732618, 0.054588526, 0.061271843, 0.00824438, -0.012159241, -0.024830706, -0.035538644, 0.030416396, -0.03531912, 0.017244902, 0.000025654115, -0.053417727, 0.07049189, 0.006183285, -0.02885533, 0.040807243, -0.026513731, 0.013903244, -0.016098494, -0.00008313172, 0.018696206, 0.008152911, 0.03397758, -0.008902955, -0.0034300766, 0.05078343, -0.018781576, 0.05195423, 0.008957836, -0.018720597, -0.013903244, 0.017488819, 0.03178233, 0.023098899, -0.03283117, 0.12986118, -0.019940179, -0.009799348, -0.019830417, -0.0824438, -0.021464659, -0.0155374855, -0.018525463, -0.040148668, -0.061466977, 0.00027878903, -0.030270046, -0.03473372, -0.031099362, -0.022769611, -0.0043447637, 0.011049421, 0.030123696, -0.023672104, 0.009348103, 0.0012531214, 0.007811428, 0.034367844, -0.034684937, -0.030562745, 0.009146871, -0.016976593, 0.00086514157, -0.054637313, -0.017610775, -0.027001563, 0.013659328, 0.02590394, -0.02678204, 0.044587947, -0.032928735, -0.0013179117, -0.0044911136, -0.007030895, -0.0815657, 0.022184212, 0.008646842, 0.010890875, 0.020867063, -0.024684357, -0.03122132, 0.05444218, 0.020110922, 0.0019787732, -0.00897613, -0.040221844, -0.02268424, 0.02619664, -0.040099885, 0.025099015, 0.004616121, -0.06893082, 0.011823855, 0.0015077093, -0.0147203645, 0.016561935, 0.030099304, 0.0048021073, 0.01166531, 0.0024422146, -0.011482373, 0.021623204, -0.044539165, -0.0007069769, -0.009049305, -0.0048051565, 0.026172249, 0.014256923, 0.02297694, 0.015122827, 0.042612225, 0.07083337, -0.041099943, 0.010628665, -0.02722109, 0.018074218, -0.012671466, -0.03427028, 0.014452057, -0.023537949, -0.0053478708, -0.023806257, 0.029416338, -0.022354953, 0.03002613, -0.058539975, -0.017000984, 0.06429641, 0.01856205, -0.023025723, 0.031709153, -0.015964339, 0.01759858, -0.033026304, 0.040880416, 0.009311515, -0.020086529, -0.0038813225, 0.022001274, 0.011049421, 0.015781403, 0.016952202, 0.034514196, 0.0040795044, 0.027050348, -0.022903766, -0.023659907, 0.007384574, 0.0067320974, -0.001809556, -0.034123927, -0.05268598, -0.04375863, 0.0044911136, 0.0059424173, 0.01692781, -0.09307856, 0.0011799464, 0.05210058, 0.0051588356, 0.0394657, -0.03492885, -0.007165049, -0.0014535903, -0.02707474, 0.003981938, 0.06341831, -0.016122885, -0.010689643, 0.002312634, -0.050051678, 0.022647653, -0.014342294, 0.016720481, 0.005823508, -0.00019703885, -0.019074276, 0.0056344727, -0.07712642, -0.026025899, 0.021025607, 0.013147103, -0.0014596882, 0.031294495, -0.03963644, 0.032782387, 0.0027958937, 0.0011265896, 0.0021891512, 0.009970089, 0.07639467, 0.028806547, -0.004542946, 0.008902955, 0.023745278, 0.020257272, -0.003134328, -0.05136883, -0.0006597181, 0.025001448, 0.015549681, -0.006122306, -0.012573899, -0.009183459, -0.030050522, 0.0029422436, -0.009110284, 0.029635863, 0.02914803, -0.015403331, 0.040148668, -0.0053692134, -0.044295248, -0.015732618, -0.029977346, -0.010244496, -0.017818104, 0.0015557304, 0.01353737, -0.0060674245, 0.021354895, -0.07195539, 0.03875834, 0.014317903, -0.00011166805, -0.036270395, 0.026977172, 0.058881458, 0.037782677, 0.004549044, -0.01856205, -0.019245017, 0.010951854, -0.04814913, -0.008043149, -0.01362274, 0.0008910577, -0.03183111, -0.024037978, -0.037855852, -0.024416048, 0.043222018, 0.014842323, 0.011293337, -0.0736628, 0.0225135, -0.005829606, -0.07854114, 0.026708864, -0.024062369, 0.039075434, -0.048710138, -0.007524826, -0.039416917, -0.0059607113, 0.016586326, -0.047027115, 0.0016296676, 0.018452289, -0.051466394, -0.0037563152, -0.0005472878, 0.024940468, -0.00060445577, -0.026879605, -0.0187084, 0.012153143, -0.0009848131, 0.008439513, 0.028001621, -0.0030733487, -0.01648876, 0.038636383, 0.03990475, -0.0021678086, 0.045831922, 0.004420988, 0.0011464079, 0.03385562, -0.019391367, -0.019988963, 0.02178175, 0.03075788, -0.0421, -0.012817816, 0.0055887382, -0.02678204, 0.024672162, 0.0024071517, -0.0033325101, 0.0198792, 0.0014817931, -0.011823855, 0.039075434, 0.06034496, 0.054247044, -0.0060521797, -0.008299261, 0.005210668, 0.038807128, 0.0029986494, -0.0063052434, 0.030489571, -0.011805562, 0.007530924, -0.052539628, -0.0051009054, -0.024684357, -0.031245712, 0.012445843, 0.0062290193, 0.016025318, 0.028538238, 0.055173926, 0.08576106, 0.012409256, -0.019184038, 0.03839247, 0.00228062, -0.004963702, 0.018903535, 0.029952955, 0.03061153, -0.02230617, 0.0089883255, -0.0045002606, 0.01833033, 0.007671176, 0.020098725, 0.00570155, 0.0045856317, -0.008341947, 0.004481967, 0.023294032, -0.0026464947, -0.018744988, -0.045856316, -0.081273, -0.01833033, 0.0036587485, 0.0201719, -0.0154643105, 0.014574015, 0.015183806, 0.008555373, 0.0019589548, 0.012256808, 0.0036526506, -0.033245828, 0.000032966847, 0.014086182, -0.005991201, 0.015074044, -0.0046313656, 0.0022181163, 0.002347697, 0.0019071227, 0.028221147, -0.008927346, 0.03990475, -0.0008971556, -0.02487949, 0.045588005, 0.015647247, 0.035465468, 0.009439571, -0.00023515082, -0.030416396, -0.00025077673, 0.01523259, -0.029123638, -0.055125143, 0.0017958357, -0.03136767, -0.0033690976, -0.0044392818, 0.018574247, 0.04339276, -0.018525463, 0.03341657, 0.016732676, 0.034684937, -0.031879894, 0.026538122, -0.01765956, 0.0015595416, -0.031465236, -0.023050116, -0.010585979, -0.003102314, -0.015171611, -0.03885591, -0.010177419, -0.032001853, -0.017793713, 0.053076245, -0.046149015, -0.003335559, 0.024672162, 0.01619606, 0.016330214, -0.009738369, 0.0412219, -0.0037929027, 0.023513557, -0.024550203, 0.032196987, 0.0064332993, -0.019037688, 0.0019879201, 0.005070416, -0.011153085, -0.020928042, -0.036904577, -0.0052076187, 0.027635748, -0.03002613, 0.02140368, 0.016866831, 0.018001042, -0.0023156828, 0.016098494, 0.03329461, -0.0080797365, -0.034538586, 0.015281373, 0.0015046604, 0.006463789, 0.0034605663, -0.008159009, -0.023367207, 0.0039514485, 0.007994366, -0.012323884, 0.021001216, 0.008610255, -0.023147682, -0.020818278, -0.026660081, -0.0040581618, 0.016708285, -0.030879838, 0.015598465, 0.00011862349, -0.010433531, 0.033538528, -0.0026175296, 0.023428187, -0.008171205, -0.0032837267, -0.010616468, -0.016476564, 0.030733489, -0.08717578, 0.043807417, 0.006835762, -0.0039392523, 0.015488702, -0.015964339, 0.015061848, -0.04978337, -0.02198908, 0.025391715, 0.021891512, 0.010781112, -0.031855505, -0.007049189, -0.001153268, 0.01981822, 0.012250709, -0.0070857764, 0.037026536, -0.01181166, 0.010018873, 0.014622798, 0.040075492, 0.011153085, -0.0062930477, 0.01684244, 0.017147334, -0.03709971, -0.002064144, 0.018208371, -0.02605029, 0.041978043, -0.015781403, -0.0007001168, -0.05112491, 0.015635053, 0.011671408, 0.012329983, -0.013671524, -0.027708922, 0.0058783893, -0.005186276, -0.020062137, 0.036465526, 0.008701724, -0.004052064, -0.03875834, 0.017830301, -0.016659502, 0.020367034, -0.013293453, 0.028196756, -0.026903998, 0.005189325, 0.022672044, -0.0017760175, -0.002917852, 0.019696264, -0.021184154, -0.005908879, -0.0062869494, -0.042148784, -0.028245538, 0.005393605, -0.0066528246, 0.042953707, 0.02736744, -0.007537022, -0.0013491635, -0.031270105, 0.019366976, 0.0017440035, 0.0012691284, 0.006463789, -0.007457749, 0.013134907, -0.0033721465, -0.006335733, 0.016671697, -0.04283175, -0.035587426, 0.009720075, 0.035465468, -0.00030794466, 0.023257446, 0.024708748, -0.020293858, -0.007524826, 0.014244728, -0.015330156, 0.0004485778, 0.027416222, 0.02722109, -0.027318656, -0.0021190252, -0.030245654, 0.00926883, -0.031806722, 0.0024635573, -0.050832212, -0.015342352, 0.012647074, -0.00920785, -0.04519774, 0.008396828, -0.0044606244, 0.012317787, -0.0228062, 0.008957836, 0.025269756, 0.00912248, 0.03434345, 0.0039362037, -0.0018202274, 0.017086355, -0.007835819, 0.00669551, -0.010512804, 0.0042776866, -0.0085065905, -0.01391544, -0.005488123, 0.0054271435, -0.050149247, 0.035880126, 0.01324467, 0.030977404, -0.008140716, 0.017854692, -0.04905162, -0.0111225955, 0.020708516, 0.041758515, -0.02207445, -0.057661876, 0.003134328, -0.025099015, -0.018952318, -0.024050174, -0.029367555, -0.002917852, -0.023513557, 0.02797723, -0.05361286, -0.0031190831, -0.01084819, -0.036050867, -0.026416164, 0.0382949, 0.014708169, -0.02423311, -0.012537312, -0.028879723, 0.028099189, -0.096249476, -0.012134849, -0.02724548, 0.03339218, 0.021562224, -0.008994424, 0.035758168, 0.031245712, 0.0075736092, -0.029221205, 0.0017272342, -0.009201753, -0.036343567, 0.026172249, 0.028977288, -0.0022303122, -0.012610487, 0.017330272, -0.015074044, 0.005414948, 0.02692839, -0.0216354, -0.029977346, 0.032001853, 0.016354606, 0.014866715, 0.0060704737, 0.025562456, 0.002809614, 0.0049606534, -0.0016571082, 0.024720944, 0.02111098, 0.003134328, 0.025708806, -0.0089883255, 0.007939484, -0.016427781, 0.014988673, 0.024928274, -0.016915614, 0.003978889, 0.0032166496, 0.03985597, -0.003131279, -0.0022882423, 0.008750507, -0.001981822, -0.006341831, -0.009512746, -0.04914919, -0.013415411, 0.020147508, 0.026147855, 0.0073479866, 0.031611588, -0.014488644, -0.009482256, -0.012756837, -0.021537833, -0.02230617, 0.010140832, 0.006835762, 0.004594778, 0.007976072, 0.010250594, 0.00027726454, 0.038221728, -0.0023644662, 0.013976419, 0.020488992, -0.0023995293, -0.035416685, 0.02856263, 0.037197277, -0.010537196, -0.040392585, -0.004536848, 0.0008910577, 0.005979005, -0.025001448, 0.028782155, 0.057661876, 0.017732734, -0.003019992, -0.038197335, -0.022635458, -0.004332568, 0.00021780988, 0.00025782743, 0.044539165, -0.026440555, -0.0072992034, 0.026001506, 0.010793308, 0.017635169, -0.008482198, -0.048222307, 0.017415643, 0.0024803267, -0.0068479576, 0.027904056, -0.016708285, -0.052734762, -0.019171841, -0.00976276, -0.009957894, 0.03414832, 0.015683835, 0.024416048, -0.0014444435, -0.013110516, 0.019257214, 0.027050348, 0.009756663, 0.01192752, -0.003552035, -0.022879373, -0.019415759, 0.024806315, -0.02873337, 0.009299319, -0.025269756, 0.012683662, -0.035684995, -0.012732445, -0.008756605, 0.0034697133, 0.005607032, -0.024977056, -0.016269235, 0.015842382, -0.033733662, 0.00669551, -0.02900168, -0.005463731, 0.020293858, 0.015159415, 0.010726231, -0.01952552, 0.033197045, 0.028099189, 0.007756547, 0.034123927, -0.03400197, -0.0009840509, -0.031148145, 0.0022608016, -0.0042319526, 0.0070857764, -0.0071284617, -0.0008765752, 0.02297694, 0.010622567, -0.022708632, 0.024659965, -0.040977985, -0.0057899696, 0.039221786, 0.004777716, 0.022903766, 0.017793713, -0.037441194, 0.0019132206, -0.018366918, 0.01914745, -0.044978216, -0.01715953, -0.0037807068, 0.002265375, -0.0049941917, -0.0018720597, -0.022964746, -0.015622856, 0.01508624, -0.0088785635, 0.015683835, -0.042270742, 0.02172077, -0.011250651, -0.002494047, 0.03914861, 0.0006501901, 0.054637313, 0.008817584, 0.011890933, 0.0027120474, 0.010189614, -0.045270916, 0.01654974, -0.002748635, 0.039977927, 0.011348219, 0.030001737, -0.045758747, -0.012293395, 0.02090365, -0.006823566, -0.011348219, 0.011817758, -0.019696264, 0.01692781, -0.041636556, -0.009543235, 0.024257503, -0.019488934, 0.008378535, -0.0016982692, -0.04671002, -0.0093968855, 0.0045246524, 0.028147971, -0.011823855, -0.015183806, -0.013012949, -0.03329461, -0.012464137, -0.06034496, 0.031294495, 0.0061649913, 0.0081163235, -0.0049332124, -0.0018751086, 0.033319004, 0.0039453506, 0.019806026, -0.05873511, -0.005607032, -0.011707995, 0.017793713, 0.027635748, 0.031733546, 0.014244728, -0.015183806, 0.028977288, 0.020806083, -0.002583991, -0.03002613, 0.045807533, -0.0049515064, -0.0146106025, 0.030050522, -0.022037862, -0.040977985, 0.03368488, -0.052051798, 0.029269988, 0.03985597, 0.019952375, -0.014476448, -0.029513905, 0.010506706, -0.012573899, -0.020476796, 0.029196814, 0.017183922, -0.024013586, -0.014817932, -0.00669551, 0.014195944, 0.00088800874, -0.0005396654, 0.03817294, 0.024977056, -0.0073967697, -0.015842382, 0.01722051, 0.020074334, 0.0029422436, -0.01765956, 0.006049131, -0.036733836, 0.028147971, -0.010061558, 0.022635458, -0.011262847, -0.009244438, -0.0036465528, 0.018062022, -0.03046518, -0.028928505, 0.045758747, 0.012226318, -0.0045978273, 0.026269814, 0.007268714, -0.0053143324, -0.034831285, -0.020537775, -0.031977464, -0.020415816, 0.002707474, -0.01634241, -0.02856263, -0.0071284617, 0.013451999, -0.0022897667, 0.008640745, 0.033953186, 0.012793424, -0.03280678, 0.01809861, -0.024111154, 0.05200301, -0.011146987, 0.018196177, -0.0007607148, -0.019488934, -0.039368134, -0.03724606, -0.0023446481, -0.0062076766, -0.020184096, -0.0022547038, 0.00017159912, 0.028757764, -0.021757359, 0.007890701, 0.025245365, 0.001067135, -0.00961641, -0.003963644, 0.05566176, 0.008817584, -0.03827051, 0.02333062, 0.031684764, -0.018647421, -0.008433416, 0.015476506, 0.014659386, 0.012890991, -0.0032440904, -0.0154643105, 0.020013355, 0.02268424, -0.001631192, -0.012018989, -0.0011776597, -0.007622393, -0.014464253, -0.027343048, -0.018110806, -0.017927868, 0.031001795, -0.0033294612, 0.0155740725, -0.010262789, 0.005396654, -0.045758747, 0.069369875, -0.016525347, 0.010525, -0.00056939275, 0.040977985, 0.011933618, 0.01295197, -0.01055549, -0.01684244, -0.00950055, 0.00044781558, -0.0023400746, -0.009366396, -0.008018757, -0.034123927, 0.029904172, -0.021903709, 0.01853766, -0.011720191, -0.014391078, 0.017757127, 0.0038172943, -0.033050694, -0.009037109, 0.012037283, 0.022184212, -0.014195944, 0.026464948, 0.0009992957, -0.017781518, -0.02724548, 0.013500782, -0.017391251, -0.0041709733, 0.0067259995, -0.009244438, 0.00203213, -0.00011071526, -0.023586731, -0.006616237, 0.031587195, 0.008085834, -0.008171205, -0.02119635, 0.005680207, -0.046905156, -0.03927057, -0.03339218, -0.0066467263, -0.036514312, -0.032465294, 0.024952665, 0.046563674, -0.015842382, -0.0012180584, 0.0035398393, 0.02458679, -0.017708343, 0.0011525057, -0.039782792, -0.021220742, -0.0038203432, 0.018257156, -0.020525578, 0.00018036486, 0.003914861, 0.013866656, 0.021525636, 0.014110574, 0.019415759, 0.047344208, 0.020123117, 0.004521603, -0.00003027519, -0.0036587485, 0.010506706, 0.011146987, 0.011829954, 0.01891573, 0.032782387, 0.015025261, 0.029489513, 0.002265375, 0.020379229, 0.0033416569, 0.027196698, 0.021611009, -0.027147913, -0.017635169, -0.02364771, 0.0012241562, -0.0133666275, -0.0035825246, -0.012208024, 0.019781634, 0.0060796207, -0.018232763, -0.02517219, -0.010659154, 0.009549334, 0.0008948689, -0.02753818, -0.0035002027, 0.025781982, -0.050832212, -0.00052137166, -0.0009375543, 0.01309832, -0.0019437101, 0.013695915, -0.030294437, 0.013976419, 0.010842091, 0.007848016, -0.024611183, -0.015098436, -0.014976477, 0.010970147, -0.013500782, -0.032050636, 0.002523012, 0.0011029602, 0.0045094076, -0.0026800332, -0.026294205, 0.051173694, 0.00005478595, -0.014147161, 0.04844183, 0.017098552, 0.00011309725, 0.02841628, -0.019842613, -0.02797723, 0.010811602, 0.009043206, 0.03207503, -0.0043539107, -0.025099015, 0.007854113, 0.008317555, -0.01391544, -0.050441947, 0.010128636, 0.036172826, 0.035099596, 0.0023858089, 0.03809977, 0.000576634, 0.015013065, 0.010854287, 0.02111098, 0.004420988, 0.016098494, -0.027611356, -0.02002555, 0.018305939, 0.028391888, 0.0056344727, 0.029660255, -0.0073418887, -0.0120311845, -0.0124214515, 0.02736744, -0.0033965383, 0.006933328, 0.011317729, 0.02841628, -0.023391599, -0.06585747, -0.045173347, -0.046563674, 0.029099246, 0.031538412, -0.026269814, 0.0017470524, -0.0016555837, 0.015720423, -0.015842382, -0.02736744, 0.010738427, -0.010470118, -0.02356234, -0.019976767, 0.01648876, -0.0013644083, -0.011903129, -0.0012912333, 0.011427491, -0.008140716, -0.005756431, -0.0040795044, -0.032026246, 0.0064454954, -0.0019299899, 0.017708343, -0.0011166806, 0.013647132, 0.0033965383, 0.00897613, 0.033367787, -0.033075087, 0.0048783314, 0.0033050694, 0.0022150674, 0.007744351, 0.012000695, -0.0070613846, 0.0038660776, 0.014171553, -0.0008460856, 0.0013179117, -0.01967187, -0.026464948, 0.0084517095, 0.028343106, 0.0005484312, -0.012336081, 0.046197798, 0.020952433, -0.015891165, -0.021757359, 0.02096463, -0.044880647, 0.003080971, 0.018366918, 0.0052228635, 0.0084517095, 0.0039605955, -0.011939716, 0.028245538, 0.040831633, -0.03236773, 0.022672044, 0.034221493, 0.0057747248, 0.00025306345, -0.015293568, -0.035099596, -0.014317903, -0.03309948, -0.02648934, 0.018488877, -0.012720249, 0.009665194, -0.03514838, 0.017244902, 0.014013007, -0.038514428, 0.004198414, 0.00768947, 0.020684125, -0.0033203142, 0.01684244, 0.04344154, 0.0013201984, -0.0120311845, -0.034660544, 0.019159647, 0.025050232, 0.0053753112, -0.010098146, 0.032465294, 0.0018796821, 0.010457923, 0.0012066248, 0.022269582, -0.0042868336, 0.020769496, 0.014671582, -0.01339102, -0.03427028, 0.008177303, -0.0418073, -0.00045696244, 0.02826993, 0.0006318964, 0.021354895, 0.022245191, -0.013708111, 0.00026049526, -0.036465526, 0.01055549, -0.010024971, 0.020342642, 0.0028050405, 0.012086066, -0.0061527956, 0.020647537, -0.014147161, -0.005475927, -0.032757994, -0.016659502, -0.029245596, -0.013927636, 0.011775073, -0.0028492503, -0.028879723, 0.023903824, 0.019659676, 0.0033721465, -0.0066650202, 0.02245252, -0.025025839, 0.038050983, 0.023025723, -0.035002027, -0.0054362905, -0.011579939, -0.029050464, 0.016415585, 0.008793192, -0.004113043, -0.03709971, 0.022476912, -0.0046618553, -0.023550145, 0.013025145, 0.042148784, 0.031465236, 0.011616526, 0.025440497, -0.0029300477, -0.0012927578, 0.10420116, -0.002169333, 0.02198908, -0.01891573, -0.0047136876, -0.016318018, 0.019281605, -0.025147798, -0.026830822, 0.010153027, 0.010732329, 0.0069211326, -0.022172015, 0.04417329, -0.010317671, 0.003335559, 0.005491172, -0.033928793, 0.042758573, -0.0094700605, -0.027586963, 0.013903244, 0.00003265719, 0.045514833, -0.001064086, -0.048832096, -0.0024467881, 0.002195249, -0.015732618, 0.004545995, 0.0039179097, -0.012439745, 0.0371241, 0.0017013181, -0.008835877, 0.0041313367, -0.0016875977, 0.015049652, 0.010055461, 0.0009200228, 0.017964454, 0.0146837775, -0.008726115, 0.0032136007, -0.0043935473, 0.017025376, -0.057661876, -0.0018461435, 0.027489398, -0.028391888, -0.01204338, -0.0007081203, -0.0041801203, -0.0024711797, 0.0037563152, 0.018976709, 0.039953534, -0.021001216, 0.017610775, -0.016659502, -0.013415411, 0.023025723, -0.01406179, -0.02546489, 0.0041587777 ] } ] | F3: =LEN(E3)-LEN(SUBSTITUTE(E3,",",""))+1 -> 1536
A4: INT-03 | B4: Leadership & Governance | C4: Leadership sets direction, accountability, and oversight for security | D4: Leadership & Governance. Leadership sets direction, accountability, and oversight for security | E4: "embedding": [ 0.03200447, 0.008229888, 0.09146144, 0.017902792, 0.006986312, 0.0026235334, 0.018418994, 0.013796647, -0.010587988, 0.02634972, 0.049883794, -0.025645807, -0.022091059, -0.036908377, -0.018501116, -0.06124022, -0.047420107, 0.0023712986, 0.030643573, 0.008834078, 0.009139106, 0.03507821, 0.01763296, 0.07128268, -0.07639776, 0.028977651, -0.0072678765, 0.015685475, 0.010617318, 0.010910613, 0.08076201, -0.030197764, 0.00062728697, -0.010535195, -0.028156422, 0.005821927, 0.023604468, -0.021926815, 0.030784355, 0.02731173, -0.005906983, -0.025411172, -0.034233518, 0.0435486, 0.017949719, -0.03099553, -0.018946925, -0.072878204, -0.0067751394, -0.020683238, 0.001789106, -0.0053233234, 0.03585251, 0.00044104396, -0.021821227, 0.033646926, 0.030479327, -0.004472765, -0.032919552, 0.031535193, 0.012083798, -0.03306033, -0.00010714472, 0.016201675, 0.04908603, -0.0648067, -0.022325696, -0.040592175, 0.018571507, -0.027335193, 0.033928487, 0.009068714, -0.03521899, -0.007924859, -0.005739804, 0.02961117, 0.023850836, -0.00085862423, -0.023322903, -0.0028757679, -0.029822344, 0.00073324016, 0.020765362, 0.002751117, -0.028250277, -0.028977651, -0.036697205, 0.0036427372, -0.00480419, -0.024589943, -0.02890726, 0.029775416, -0.032755304, -0.004150139, -0.03399888, -0.024284914, 0.056312844, -0.00084395945, -0.0039096368, 0.0057192734, -0.0057515358, -0.048616756, -0.038762007, 0.0015500697, 0.000037853522, 0.02686592, -0.032332957, -0.010957541, 0.0014833448, -0.02496536, -0.08179441, -0.04404134, 0.008534916, 0.019451395, -0.0199324, -0.0013806912, 0.004766061, 0.006851396, 0.005425977, 0.033646926, 0.025716199, 0.0037688545, -0.0068044686, -0.047162008, 0.035242457, 0.013139664, -0.037213404, -0.04978994, -0.028672624, -0.0054054465, 0.061287146, -0.038762007, 0.014570949, -0.037588824, 0.0078016752, 0.01374972, 0.009831284, -0.0007365398, 0.018759217, -0.0070273736, 0.038738545, 0.0390905, 0.041296087, -0.010863686, -0.02426145, -0.016448043, -0.059128486, 0.032450277, 0.016471507, 0.042938545, -0.007537709, 0.0030766758, -0.002133729, 0.010552793, -0.0019518853, 0.004719134, -0.034116197, 0.013045809, 0.00020182435, 0.051150836, 0.038550835, 0.07109497, -0.0008703561, -0.013034077, 0.009232961, -0.042797763, 0.023639662, 0.0028141758, -0.07259664, 0.016929049, -0.0603486, -0.00042967874, 0.004235195, -0.0035224857, 0.02119944, -0.005376117, 0.0062354743, 0.03381117, 0.016846927, -0.058846924, -0.018031843, -0.007696089, -0.024308378, 0.0124709485, -0.054529604, 0.04589497, 0.008306145, 0.013913966, -0.0396067, 0.030291619, -0.04404134, 0.041296087, 0.050963126, 0.01143268, 0.0035694132, -0.0036720668, -0.012072066, 0.01193715, 0.015814524, -0.004088547, 0.01687039, -0.0030209494, 0.02909497, -0.045050275, -0.04272737, 0.0006874127, -0.0040474855, -0.07076648, -0.022114523, -0.041788824, 0.0047367313, -0.05016536, 0.010200838, -0.022196647, -0.024988825, 0.0013960893, 0.018231284, -0.030667037, 0.023627931, 0.0346324, 0.0047631282, 0.034913965, -0.030784355, 0.015650278, -0.0039184354, 0.08437541, 0.011737709, 0.0015500697, 0.011321228, -0.060958654, 0.0027819132, -0.0069217873, -0.02719441, -0.024355305, -0.038808934, -0.03601676, 0.012553072, -0.024144132, 0.046598878, 0.023803908, -0.0099662, 0.014606144, -0.0025414105, -0.030901674, 0.027264802, -0.009109776, 0.041788824, 0.00018688459, -0.012189385, 0.024543015, -0.038926255, -0.008270949, 0.010693574, 0.0057574017, -0.024120668, -0.039325137, -0.00078090077, -0.05696983, -0.020026255, -0.019193295, 0.0056459494, 0.03106592, 0.020167038, -0.024050277, -0.023534076, 0.032450277, -0.021035194, -0.05734525, -0.02909497, -0.019392736, 0.021551395, 0.014512289, -0.05621899, 0.032262567, -0.013808379, -0.014418434, -0.010142178, -0.036368713, 0.0069804466, 0.041202232, -0.0010140712, -0.021527931, 0.02286536, -0.03306033, 0.017269272, 0.028132958, -0.058706142, -0.0003926501, -0.03864469, 0.027710613, -0.012717318, 0.02355754, -0.024026813, 0.06199106, -0.052746363, -0.029869271, 0.027006702, -0.0026821925, 0.009039385, 0.00815363, -0.017151954, 0.04176536, -0.036697205, -0.013550279, 0.04584804, 0.007813407, 0.026326256, -0.002652863, -0.036063686, -0.021692177, 0.041671507, -0.05481117, 0.0009693435, 0.027663685, -0.06729385, -0.007602234, 0.026208937, 0.00440824, 0.00627067, -0.047068153, -0.009667038, -0.03801117, 0.012599999, -0.042375416, 0.040545247, 0.020894412, 0.017374858, 0.040639102, 0.007473184, -0.024871506, 0.046622343, 0.02731173, -0.0078016752, -0.005425977, -0.02437877, -0.031488266, 0.053121783, 0.022689383, 0.0040034913, -0.057392176, 0.0069100554, -0.025434636, -0.04272737, -0.001245775, 0.013256982, 0.023440221, -0.04544916, 0.0059480444, 0.047021225, 0.04209385, 0.0060770945, -0.013045809, -0.08428156, 0.07409832, -0.052934073, -0.007596368, -0.0046692733, -0.034984354, 0.036744133, 0.02820335, -0.04946145, -0.023510613, 0.00017671088, 0.01782067, -0.0057691336, 0.01629553, -0.0032995807, -0.020061452, -0.015450837, -0.007901396, 0.019181563, 0.0030385472, -0.03484357, 0.04833519, -0.021035194, 0.025903909, -0.0048921783, 0.029775416, -0.02419106, -0.01999106, 0.013221786, -0.035735194, 0.044721786, 0.011209776, 0.024543015, 0.02247821, -0.010541061, -0.02354581, 0.039700557, -0.024402233, 0.023076534, 0.018442458, 0.007701955, 0.020847484, -0.022595529, -0.015251395, -0.0124709485, 0.033013407, 0.037917316, -0.012154189, 0.018160893, -0.007455586, -0.0063879886, 0.009702234, -0.04871061, -0.06063016, -0.021786032, 0.013327373, 0.003132402, -0.030854747, 0.04974301, 0.010335754, 0.022196647, -0.015579887, 0.023979887, -0.020495528, 0.030526254, -0.02342849, 0.023440221, 0.016401116, 0.008534916, 0.0008358938, -0.0006511173, -0.031042457, 0.050399996, 0.032684915, -0.007948323, -0.0073910607, 0.09366703, -0.023252511, -0.018665362, 0.010277094, -0.0037395249, 0.0061533516, -0.010206703, 0.008130167, 0.0019181563, -0.042868152, -0.04544916, -0.0046898043, 0.04028715, -0.008575977, -0.011931284, -0.008822346, -0.015990501, -0.0049244408, 0.023639662, -0.04767821, -0.0060653626, 0.0010587987, 0.03284916, 0.02324078, 0.010318155, 0.056078207, -0.03948938, 0.016835194, 0.05373184, 0.029446926, -0.017562568, 0.008059776, 0.013034077, 0.0029006982, 0.053591058, 0.049132958, -0.025387708, -0.027827932, -0.034937426, -0.033646926, -0.045683794, 0.023815641, 0.008605307, 0.04756089, -0.0007394727, -0.06724692, -0.030197764, -0.0102125695, -0.018817876, -0.08784804, 0.005601955, -0.014922904, -0.02240782, -0.0034491618, -0.049179886, 0.043642454, 0.024613407, -0.00025993364, 0.0087460885, 0.043267038, 0.0111804465, -0.03538324, 0.034092735, -0.016072625, 0.063023455, -0.010717038, -0.0001267589, -0.034538545, -0.006047765, -0.012118993, 0.025505027, -0.014477094, 0.052370947, -0.001825768, -0.010065921, 0.0058747204, 0.0072033512, 0.005675279, -0.031042457, 0.004469832, 0.010564525, -0.0049420386, -0.02114078, 0.044393294, 0.004707402, -0.005906983, -0.0049185753, -0.015486033, -0.0043085194, 0.021903351, -0.010670111, -0.011784636, 0.010482402, 0.007936591, 0.026584355, -0.025551954, 0.0123770945, 0.037283797, -0.015075418, 0.037987705, -0.029306144, 0.009367877, 0.016541898, -0.042422343, -0.027663685, 0.023827372, 0.009221229, 0.035735194, 0.023381563, -0.04190614, -0.037799995, 0.0262324, 0.017926255, -0.007303072, 0.016670948, -0.0022921087, -0.010394413, -0.030526254, -0.028836869, -0.04336089, 0.039372064, 0.044768713, 0.015568155, -0.04385363, 0.00031126046, -0.002683659, -0.00744972, 0.02272458, 0.002686592, -0.010640781, 0.014312848, 0.02094134, 0.0067927367, 0.037776534, 0.018559774, -0.055937424, -0.025739662, 0.0016175278, 0.008599441, 0.039395526, 0.03406927, -0.0049655023, -0.019838545, 0.027851395, 0.00032005933, 0.035547484, 0.015697205, 0.0013124999, -0.012048602, -0.014394971, 0.01597877, 0.0033758378, -0.004871648, -0.03306033, -0.0066519547, -0.016119553, -0.019251954, -0.0036749998, 0.00092828204, 0.03221564, 0.0018418994, 0.0088810045, -0.012294971, -0.018442458, 0.010975139, 0.015005027, 0.024331842, -0.0220324, 0.000064387656, -0.03507821, -0.008570111, 0.012025138, -0.010106983, 0.032332957, -0.024566479, -0.023463685, -0.0019430864, -0.014371507, -0.013057541, -0.026396645, 0.02355754, -0.022560334, 0.004194134, 0.002689525, 0.041976534, 0.037518434, -0.021305026, -0.0113681555, 0.044346366, -0.0011797835, -0.009625977, 0.004100279, 0.005839525, -0.017292736, 0.028414523, 0.001227444, 0.0019548184, 0.012775977, -0.0054993015, -0.016436312, -0.028813405, -0.01590838, -0.013198323, -0.009649441, 0.018641898, -0.027147485, 0.004252793, 0.0063703908, -0.022067595, 0.053027928, 0.011268435, -0.047021225, 0.058518432, 0.022900557, -0.034585472, -0.053966478, 0.059128486, 0.0038187148, -0.022208378, -0.011508938, -0.0067751394, 0.005980307, -0.01902905, -0.040967595, -0.004182402, 0.019533519, 0.01852458, -0.0023126395, 0.01904078, 0.019721227, 0.009291619, 0.04615307, -0.061099436, 0.022548601, -0.034421228, 0.028250277, 0.007907262, 0.0010250697, -0.03819888, -0.016893854, 0.010652513, 0.018418994, -0.083155304, 0.0040650833, 0.0067927367, -0.007443854, -0.046434633, -0.0028596367, -0.033130724, -0.00658743, 0.0023419692, 0.03864469, 0.014394971, -0.010001396, -0.004405307, -0.005437709, 0.01146201, -0.031558655, 0.045824576, 0.01592011, 0.035946365, -0.010394413, 0.0036192734, 0.014512289, 0.023463685, -0.022912288, -0.021973742, 0.033529606, 0.02062458, 0.043173183, -0.017937988, -0.06710614, -0.0139374295, 0.047772065, 0.032872625, -0.020518992, 0.016694412, 0.0038480444, -0.0022158518, -0.025575418, -0.006036033, -0.029423462, -0.029658098, 0.0053291894, -0.03137095, 0.027030166, 0.018876536, -0.038574297, 0.021093853, 0.0035136868, 0.030972065, 0.012447485, -0.049320668, -0.029353071, -0.022877093, -0.027170947, 0.011356424, -0.0016923184, 0.027358657, -0.014653072, 0.014277653, -0.01630726, -0.033834636, -0.020378212, 0.007232681, -0.0092036305, 0.002167458, 0.035735194, 0.005068156, 0.0045079608, -0.020108378, 0.00056129537, -0.0062824017, -0.0026162008, -0.0058805863, -0.010300558, 0.000448743, -0.0024196925, -0.02705363, 0.035570946, 0.041108377, 0.010957541, -0.007437988, 0.007537709, -0.011209776, -0.04404134, 0.035875976, -0.01687039, 0.0001632376, 0.024519552, -0.007602234, -0.021527931, -0.010564525, -0.010699441, -0.008253352, -0.029892735, 0.02164525, -0.011667318, 0.009414804, 0.016119553, 0.017973183, -0.0032966477, -0.015098882, 0.035359774, -0.022196647, -0.0156033505, -0.023311172, -0.013890502, -0.040732957, 0.003971229, -0.016260333, -0.006129888, 0.015298323, -0.00875782, 0.017808937, 0.02768715, -0.030244691, 0.0009649441, 0.0026704606, -0.0106290495, -0.014570949, -0.016025698, -0.018113965, 0.024589943, -0.018430725, -0.0012083797, 0.0009077513, -0.031112846, -0.008065642, -0.07259664, -0.029751953, 0.0018389664, 0.02419106, 0.013303909, 0.035735194, 0.039583236, 0.039113965, 0.007179888, -0.04819441, -0.011714245, -0.0036310053, 0.025739662, 0.009696368, 0.046833515, -0.060911726, -0.020777093, 0.003355307, -0.017621228, 0.028930724, 0.013280446, -0.03761229, -0.02407374, 0.049414523, -0.00671648, -0.03787039, -0.0052499995, 0.007924859, 0.0047367313, 0.017621228, 0.0072737425, 0.014911172, 0.023346366, 0.023522345, -0.0036310053, -0.011772905, 0.008910335, -0.014570949, -0.039630163, -0.011156983, 0.01044134, -0.029963126, -0.0062941336, -0.0017700418, -0.013996088, -0.03679106, 0.0007079434, 0.028531842, -0.00076183653, 0.020835754, 0.00795419, -0.019075977, -0.026584355, -0.026912848, -0.028367596, -0.017022904, -0.02354581, -0.04641117, -0.021363685, 0.027874859, -0.0020032122, 0.007537709, -0.025012288, -0.010593854, -0.023862569, -0.0005700942, -0.02240782, 0.020167038, -0.062366474, 0.06100558, 0.07020335, 0.005279329, -0.014254189, 0.022443015, -0.016530165, 0.03355307, 0.009250558, 0.0018404329, 0.0075729047, 0.026326256, 0.02088268, -0.015767597, 0.04709162, 0.06541675, 0.008892736, -0.0026030026, 0.0012883029, -0.02426145, -0.010476535, -0.019686032, 0.046059214, 0.0043583796, 0.004112011, 0.013949161, 0.03920782, 0.033271506, 0.010810893, 0.0073675974, 0.00022565466, -0.03538324, -0.03711955, -0.0040797484, -0.027593294, -0.00038458448, 0.009426536, 0.001831634, -0.025411172, -0.000587692, 0.0068044686, 0.03904357, -0.014254189, 0.014922904, 0.0065581, 0.009098044, 0.005358519, 0.016577093, -0.01839553, 0.0050593573, 0.029071506, -0.02101173, -0.0042322623, -0.007948323, -0.071611166, 0.025622344, 0.011291899, -0.0077136867, -0.016072625, 0.0039213686, -0.051526252, 0.025199998, 0.001062465, -0.00044434355, 0.008177094, -0.013397764, -0.0012949022, -0.039935194, 0.0024783518, -0.018090501, -0.009274022, -0.021105586, -0.011156983, -0.01015391, 0.04960223, 0.0220324, 0.0067751394, -0.017281005, 0.0056459494, 0.014488826, 0.020870948, 0.008435195, 0.002347835, 0.012599999, 0.015626814, 0.046317317, -0.038738545, 0.006722346, 0.0033318433, 0.0020369412, -0.010001396, 0.03184022, 0.0005686277, 0.0046898043, -0.073629044, -0.0010456005, -0.016706144, 0.005833659, -0.0011731843, -0.0032115919, 0.0069041895, -0.043454744, 0.031675976, -0.02496536, -0.017844133, -0.009672904, -0.012435753, 0.028766477, -0.0071270945, -0.018512847, -0.018888267, 0.017339664, 0.016706144, 0.039935194, -0.03801117, 0.028719552, 0.021469273, 0.03336536, 0.008247485, -0.028930724, -0.016154747, -0.035899438, 0.058706142, 0.0007013442, -0.0015178071, -0.030479327, -0.05054078, -0.026326256, 0.0030356143, -0.0049537704, 0.0045607537, -0.008083239, 0.031488266, 0.030549718, -0.011796368, 0.007872066, 0.030127373, 0.01579106, -0.0070508374, -0.018137429, -0.036110613, 0.002872835, -0.01279944, -0.0049801674, -0.017679887, -0.029845808, -0.019955864, -0.0043671783, 0.036720667, -0.024824578, 0.0044551673, 0.00639972, -0.0004454434, 0.004742597, 0.020601116, -0.019392736, -0.00013491619, 0.0259743, -0.03221564, -0.008822346, -0.025575418, 0.021997206, 0.00021630585, 0.047842454, 0.028344132, -0.0057632676, -0.018735753, 0.02808603, 0.0046604746, -0.024941897, -0.01649497, 0.023088267, -0.017726814, 0.0110865915, -0.018688826, -0.01872402, -0.03310726, -0.024214523, -0.0061592176, 0.008441061, -0.012177653, -0.0215162, 0.012951954, 0.034984354, 0.020577652, -0.007913128, 0.005710474, 0.018559774, 0.010687709, -0.011767038, 0.009127374, -0.02496536, 0.0055491617, 0.017198881, -0.0259743, 0.03184022, 0.008136033, 0.00894553, -0.004569553, 0.04124916, 0.02667821, -0.010488267, -0.03507821, 0.0064290497, -0.017011171, 0.012717318, 0.010300558, 0.0015192736, -0.014394971, -0.02634972, 0.0032526534, -0.009936871, -0.0113681555, 0.029822344, -0.020026255, -0.00776648, 0.012154189, 0.03144134, 0.034679327, 0.014875976, -0.027921787, -0.034350835, -0.00875782, 0.01649497, 0.0014936102, -0.014254189, -0.02738212, -0.00757877, 0.012165921, -0.053637985, 0.018759217, -0.013843575, -0.007701955, -0.0052529327, -0.0014437499, 0.031793293, 0.0036779328, -0.041812286, -0.024496088, 0.003050279, -0.018829608, -0.0016219273, 0.0107581, -0.03484357, 0.007443854, 0.0028449718, -0.0118256975, -0.012588267, 0.009232961, -0.0262324, -0.0027731142, -0.013456424, 0.0034168991, 0.007467318, 0.007848603, -0.011508938, -0.012998882, 0.019134635, 0.02827374, -0.004194134, -0.021293294, -0.0076081, 0.021398881, -0.0032761171, -0.0017861731, -0.030362008, -0.015767597, 0.03242681, -0.016377652, -0.021305026, -0.00011301064, -0.026889384, -0.05532737, -0.038785473, 0.014723463, 0.00089675275, 0.01820782, 0.021762569, 0.011039664, -0.043900557, 0.0042821225, -0.008001117, 0.061334074, 0.008634636, 0.011051396, 0.014336312, 0.012517876, 0.011379887, -0.013620669, -0.009186033, -0.039325137, 0.004094413, -0.020131841, 0.0027496507, -0.021938546, 0.0057075415, 0.008358938, -0.021035194, 0.0033406422, 0.040779885, 0.025035752, -0.010869552, 0.015826255, 0.015884915, -0.0062999995, -0.02183296, -0.015708938, -0.026983239, 0.032262567, 0.027124021, -0.019686032, -0.004261592, -0.052605584, -0.0049127094, -0.02062458, 0.0040709493, 0.045543015, 0.0021879887, 0.022818435, -0.010939944, 0.0012707053, -0.0023815641, -0.028531842, -0.012588267, -0.0036691339, -0.0115030715, -0.014535753, -0.016788267, 0.004097346, 0.0146765355, 0.012259776, 0.00514148, 0.0013784915, -0.0021997206, -0.015051954, -0.0038216477, -0.01222458, -0.031347483, 0.021668714, -0.023862569, 0.0035987427, -0.004707402, 0.017210614, 0.0259743, 0.00967877, 0.0016776535, -0.0142189935, -0.0033993013, -0.027147485, 0.003053212, 0.019381003, 0.012306703, 0.03864469, 0.018864803, 0.023991618, 0.013867038, 0.027100557, 0.0069804466, 0.026443573, -0.0040738825, -0.035946365, -0.025692735, -0.00049163756, 0.024355305, 0.025106143, 0.004540223, 0.013268714, -0.02686592, -0.0002537011, 0.0027408518, -0.017022904, 0.012412289, 0.005898184, 0.0089162, 0.010705306, 0.019240223, 0.005519832, -0.015544691, -0.008564245, -0.02082402, 0.010136312, 0.0043877093, 0.01718715, -0.029024579, -0.01419553, 0.029634634, -0.017069831, -0.0467162, 0.04087374, -0.02705363, 0.0012721717, 0.0141251385, -0.02132849, -0.00053086586, -0.021586591, 0.00067788054, -0.013186591, 0.029634634, 0.009174301, 0.009479329, -0.01324525, 0.004484497, 0.010030726, -0.011391619, 0.022513406, -0.0046722065, -0.013972624, 0.020073183, -0.0012465083, 0.023123462, 0.045003347, -0.019052513, 0.008435195, 0.014758658, 0.01921676, 0.0063762567, 0.0151340775, 0.020730166, 0.027241338, 0.0056958096, 0.019897206, 0.012060334, -0.04467486, 0.03707262, -0.012599999, 0.02292402, -0.0011262569, -0.005150279, -0.014160334, 0.010423742, 0.01432458, -0.015849719, -0.020319551, 0.0069041895, 0.009227094, -0.017140223, -0.0041354746, -0.033975415, 0.03406927, 0.013984356, 0.014043015, -0.014887708, -0.0041384073, -0.0025179468, -0.02768715, -0.017304469, -0.009948603, -0.032755304, 0.0137614515, -0.0058864523, 0.013644133, 0.005772067, -0.006646089, -0.004842318, 0.009543854, -0.0019533518, -0.007889664, 0.0012047136, -0.031300556, -0.020601116, -0.03137095, -0.0034579607, -0.014559217, -0.008564245, 0.006041899, -0.016506704, 0.022783238, 0.008364804, -0.00086229044, 0.012365363, 0.020131841, 0.056312844, 0.024801115, -0.033576533, -0.030854747, 0.0014811452, -0.0023199718, 0.025387708, -0.027546367, -0.0067986026, -0.009737429, -0.02827374, -0.03228603, -0.021469273, 0.025364244, 0.023581004, 0.0001579216, -0.030221228, 0.010975139, -0.0220324, 0.034960892, 0.018418994, 0.0067986026, -0.0052646645, 0.026607819, 0.022877093, -0.003727793, 0.005596089, -0.0074203904, -0.007831005, -0.0136675965, -0.04190614, -0.012916759, -0.02578659, 0.004100279, -0.0062002786, 0.01807877, 0.020143574, -0.028297205, -0.013737988, 0.005285195, 0.003936033, 0.008781284, 0.0024446228, 0.0042117317, 0.023311172, 0.014207262, -0.0042175977, -0.01477039, -0.0023170388, -0.046199996, -0.013104469, -0.030010054, 0.0033201114, -0.02004972, -0.021211172, -0.018383797, 0.014043015, 0.017421786, -0.0055638263, -0.011151116, -0.0017553769, -0.003419832, 0.011415083, -0.0047220667, -0.026748601, -0.04856983, -0.021668714, 0.00453729, -0.0122832395, 0.0032966477, -0.0036104745, 0.019944133, 0.02616201, 0.008793016, 0.013491619, 0.001209113, -0.0023111731, -0.011931284, -0.024026813, 0.042305026, -0.029118434, -0.002054539, -0.022008937, -0.02998659, -0.041225694, -0.05086927, -0.012435753, 0.00624134, 0.057955302, -0.02112905, 0.014277653, 0.011555865, 0.015486033, 0.021574859, -0.023287708, 0.019263687, 0.011714245, -0.010705306, -0.0005546962, 0.026631283, -0.008534916, 0.015427373, -0.005669413, -0.011984077, 0.02534078, 0.018454188, 0.010429608, -0.0016233937, -0.019709496, 0.026373181, 0.003425698, -0.032544132, 0.010007262, 0.008716759, -0.0066812844, 0.0033054466, 0.04946145, 0.014336312, 0.008839943, -0.016823463, -0.024026813, 0.024308378, 0.0074203904, -0.028836869, -0.029587707, 0.0025296786, -0.023510613, -0.016354188, -0.0036955304, -0.014336312, 0.023205586, 0.030127373, 0.005971508, -0.02393296, 0.03214525, 0.12013407, 0.03801117, -0.0064583793, 0.008898603, 0.030972065, -0.02947039, 0.0063234633, -0.02305307, 0.012623463, 0.008851675, -0.0038597763, 0.022137986, 0.0060829604, 0.03545363, -0.004238128, 0.0062178764, -0.026959775, 0.013139664, 0.031746365, 0.023581004, 0.001752444, -0.011860893, -0.008482122, 0.07428603, -0.0030414802, 0.014043015, 0.028813405, -0.03195754, -0.026748601, 0.03322458, 0.006276536, -0.015568155, 0.04239888, -0.01770335, 0.018665362, -0.047232397, 0.00264993, -0.0032497204, -0.007543575, -0.0032174578, 0.049696084, -0.0066050272, 0.009285754, -0.0037395249, 0.010945809, -0.0073617315, -0.024707261, -0.014371507, 0.012658658, -0.023346366, 0.0073734634, -0.011632122, -0.0040064245, -0.002223184, -0.019662568, 0.035430163, -0.002717388, 0.009397206, -0.0011167248, -0.0035958097, -0.0040738825, -0.001899092, -0.011198044, 0.012975418, -0.02559888 ] } ] | F4: =LEN(E4)-LEN(SUBSTITUTE(E4,",",""))+1 -> 1536
A5: INT-04 | B5: Policy Management | C5: Policies are defined, approved, communicated, and maintained | D5: Policy Management. Policies are defined, approved, communicated, and maintained | E5: "embedding": [ 0.018249085, 0.05349626, 0.0454744, 0.023511013, 0.0039819116, 0.024981257, -0.043101374, -0.017010985, -0.0012477732, 0.06763124, 0.09229007, 0.012213346, -0.04039303, -0.047305755, 0.031365212, -0.008673152, -0.009640418, 0.029198537, 0.019371115, 0.027418766, 0.035853326, 0.07124236, 0.002389147, 0.05535341, -0.03786524, 0.011084869, -0.018326467, 0.018584404, -0.016005028, -0.029714411, 0.06628996, -0.02661916, -0.008511941, 0.00091648457, 0.015592328, 0.0157084, -0.00764785, 0.0033306193, 0.029585443, 0.0051458552, -0.011104214, -0.029869175, -0.020712389, -0.004101208, 0.031597357, 0.037478335, -0.029869175, 0.014354227, 0.0044881143, -0.016185585, -0.0305914, -0.016662769, -0.018094324, -0.06438123, 0.021279853, 0.03314498, 0.043178756, -0.019912783, -0.01330958, 0.011555605, 0.027006067, -0.024800701, -0.018029839, 0.04452003, -0.009376032, -0.01281305, -0.008782775, -0.009021368, 0.0073318765, -0.040444616, 0.0041979346, 0.018816547, -0.032758076, -0.024620144, 0.006964315, -0.00043164246, 0.03683349, 0.01298071, -0.003546642, 0.01372228, 0.0032306684, -0.0049491776, 0.008415214, -0.03567277, -0.026902892, 0.005448932, -0.021576481, -0.028553693, -0.0334803, -0.04039303, -0.021344336, 0.05112323, -0.07990907, 0.01186513, -0.014599268, -0.07232571, -0.033093393, 0.03079775, -0.017036779, 0.019487185, 0.014018909, -0.0343057, -0.058603425, 0.015785782, 0.03538904, -0.038664848, -0.040367234, -0.009717799, -0.010446473, -0.035543803, -0.07309952, -0.061905023, -0.0067579653, 0.04844068, 0.007867097, -0.02195049, -0.018287776, 0.022002077, 0.038561672, -0.00032745986, -0.01851992, 0.019564567, 0.019190557, -0.058087546, 0.027496148, 0.019319527, -0.016030822, -0.018055633, -0.044391062, -0.029095361, 0.032267995, -0.028089404, 0.04704782, -0.0847583, -0.024026887, 0.050710533, 0.067166954, 0.00032262353, -0.03415094, -0.0026906116, 0.02195049, 0.011716816, -0.023446528, 0.04405574, -0.03662714, -0.042843435, -0.059222475, 0.011355703, -0.008157277, -0.010562545, -0.0099563915, 0.006332368, -0.0135417245, -0.0001598004, 0.015244112, -0.010343297, 0.023536807, 0.03959342, 0.0277025, -0.00013148772, -0.02013203, 0.06427805, -0.0053231874, 0.015050659, 0.077071756, -0.027625117, 0.04075414, 0.029456474, -0.057365324, -0.03239696, -0.04697044, -0.0135417245, -0.03848429, -0.0117812995, -0.00975649, -0.04013509, -0.020183617, -0.0022505056, -0.011871578, -0.01619848, 0.01831357, 0.006964315, -0.09662343, -0.062936775, -0.013941527, 0.052103397, -0.040728346, 0.050323628, -0.010627029, 0.024001094, 0.025561616, 0.046996232, 0.028656868, -0.010659271, 0.009253511, -0.025690585, 0.00065733783, -0.004868572, -0.032551724, -0.0014670201, -0.03654976, -0.048982352, 0.03368665, 0.009730696, -0.026412811, -0.033660855, 0.005374775, 0.0060131704, -0.013644899, -0.040805727, 0.004501011, -0.011168698, 0.028708454, -0.029585443, -0.06216296, -0.018752065, -0.01897131, 0.03203585, 0.0029275918, 0.002508443, 0.008885951, -0.03874223, 0.034331493, 0.022414777, 0.0029969125, 0.072119355, -0.0027889502, -0.008086344, 0.021021914, -0.050994262, -0.014328434, -0.0050362316, -0.008118586, 0.012065032, -0.014083393, -0.045732338, -0.0015742254, -0.0030114215, 0.013283786, -0.03745254, 0.015489153, 0.024491176, -0.012838844, 0.0034660364, -0.026025904, 0.021305647, 0.01855861, 0.036059678, -0.028966393, -0.015321493, 0.0069514182, -0.01385125, -0.0051523037, -0.01087207, 0.006493579, 0.002959834, 0.010588339, -0.0060518607, -0.015257009, 0.0020264222, -0.048595443, 0.011033281, -0.006725723, -0.029688617, -0.036730316, 0.016611181, 0.02422034, -0.048801795, -0.010033772, -0.014315537, 0.012000547, 0.030900925, 0.010530302, 0.028347343, -0.027160829, -0.024852287, 0.04286923, -0.0016225887, -0.013232199, -0.0029227554, 0.0022440571, -0.055817697, 0.017243128, 0.011084869, 0.04944664, 0.0098080775, -0.031752117, 0.03299022, -0.01124608, 0.042095415, -0.050117277, 0.067476474, -0.0021215368, 0.0011413739, -0.003956118, 0.013760971, 0.012942019, -0.059841525, 0.0030275425, 0.024181651, 0.019435598, 0.022750096, -0.050736327, 0.002402044, 0.015850266, 0.027186623, 0.031107275, -0.067476474, -0.018016942, -0.04746052, 0.03724619, -0.030978305, 0.021086399, -0.06603203, -0.02596142, 0.0013058091, 0.03902596, 0.022350293, 0.011736161, -0.044881143, -0.033248156, -0.04059938, -0.03203585, -0.025393957, -0.008531286, -0.021628069, -0.035595387, 0.003998033, 0.012651839, -0.013670693, 0.040444616, 0.026799716, 0.018919723, 0.031365212, 0.022827478, -0.0053102905, 0.039954536, 0.0075382264, -0.024955463, -0.021602275, -0.024465382, -0.018829444, -0.030204494, 0.016314553, -0.018777857, 0.007428603, -0.07320269, 0.017488169, 0.041992243, 0.026902892, 0.0219118, -0.00009874174, -0.009904804, 0.035414834, -0.032680694, 0.0037271983, 0.03807159, -0.006155036, -0.05617881, -0.0017104488, 0.0057939235, 0.011445981, -0.022040768, 0.023240179, -0.0839329, 0.013232199, 0.02401399, -0.06809553, -0.019835401, -0.0102917105, -0.01120094, -0.022917757, -0.02943068, 0.031133069, -0.029998142, 0.0129226735, 0.0161211, 0.028502105, 0.0061356905, 0.008628013, -0.0010486776, 0.028682662, 0.0055327616, -0.0013178999, 0.016611181, 0.04980775, -0.032500137, -0.011884475, -0.014521887, 0.0065612877, 0.041605335, 0.023885021, 0.0077445763, 0.0015073229, -0.0037175256, -0.033428714, -0.026219357, 0.053599432, 0.057365324, -0.0104529215, 0.02339494, 0.020312587, -0.0044881143, 0.05478595, -0.045268048, -0.052645065, -0.04431368, -0.018829444, -0.017204437, -0.023420734, 0.030900925, -0.027418766, 0.016185585, 0.04697044, 0.011188043, -0.044004153, 0.027470354, 0.0043398, 0.031391006, -0.012529319, 0.027212417, 0.009401825, 0.023278868, 0.016611181, 0.008163725, -0.023872126, -0.0053425324, -0.02425903, -0.017513962, -0.025174709, -0.015876058, 0.013877043, 0.012497077, -0.0059390133, -0.025742173, -0.015824473, -0.03108148, -0.047873218, -0.029404886, -0.0065838574, -0.0097951805, 0.002724466, 0.01876496, 0.01930663, -0.019874092, -0.029250124, -0.008273348, -0.00566173, 0.0005964807, -0.0068933824, 0.0059712552, 0.04609345, 0.013915733, -0.01074955, -0.05104585, 0.026567573, 0.07232571, 0.019745123, -0.023175694, -0.01628876, -0.0054747257, 0.030075524, 0.03799421, 0.032887045, 0.029894968, -0.018429643, -0.00077139464, 0.020738183, -0.06133756, -0.002316602, 0.014895896, 0.047099408, 0.0088150175, -0.03807159, 0.0139028365, -0.0011937674, -0.030900925, -0.0005380417, 0.011484671, -0.03162315, 0.026013007, 0.014573474, -0.0068675885, 0.036472376, 0.042224385, 0.036936663, 0.020080442, 0.015011968, 0.016998088, 0.0101304995, -0.009872561, 0.026877098, 0.035156894, -0.014018909, 0.011858681, -0.076091595, -0.008299142, -0.06309154, 0.0010591563, -0.007003006, 0.035724357, 0.009388928, -0.0009261572, -0.012058583, 0.015631018, 0.04519067, 0.001554074, 0.005339308, 0.0135675175, -0.007344773, -0.031442594, 0.0065870816, -0.01385125, -0.010362643, -0.004188262, -0.02839893, 0.017513962, 0.00017672755, -0.011162249, 0.004781518, -0.017887972, -0.05576611, 0.006841795, 0.021511996, 0.0039045305, -0.002063501, -0.039799772, -0.0072609433, -0.010401334, -0.0026728783, 0.0343057, -0.054424834, 0.024504073, 0.024478279, -0.0013396634, 0.021331439, 0.0030114215, 0.023085415, -0.028527899, 0.016108204, 0.013348271, -0.011026832, 0.017797694, -0.02620646, -0.022311602, -0.042714465, -0.011620089, 0.008260451, 0.010046669, 0.009698453, 0.02661916, -0.011800645, -0.03562118, -0.014186568, 0.017642932, -0.02178283, -0.008041205, -0.024800701, -0.0046557738, -0.011252528, 0.0029195312, -0.029095361, -0.0070997323, -0.015643915, -0.02088005, 0.024310619, 0.032474343, 0.0028211926, -0.0016290372, 0.022285808, -0.0012679246, 0.05674627, -0.019641949, 0.008015411, -0.0145476805, 0.036807697, -0.004352697, -0.02091874, -0.012200449, -0.018120116, -0.019654846, -0.023046724, -0.0076994374, -0.045629162, -0.028553693, 0.04905973, -0.0032548502, -0.009788732, -0.029404886, 0.02661916, 0.05063315, -0.031158863, 0.0009583994, -0.009330893, -0.047770042, -0.0031420025, 0.013335374, -0.007892891, -0.015798679, 0.008002514, -0.006964315, 0.010627029, -0.017797694, -0.01756555, 0.0074414997, 0.03257752, -0.034821577, -0.014238155, -0.027960436, 0.0060873274, 0.004381715, 0.017617138, 0.010427128, 0.026980273, -0.01174261, -0.0097951805, -0.023627084, 0.0013493361, 0.0012002159, -0.0076156077, -0.022634024, 0.007970272, -0.00018740779, -0.010627029, 0.003196814, 0.0008858545, -0.035904914, 0.006603203, -0.02298224, 0.012168206, 0.024555659, -0.006925625, 0.07681382, 0.01368359, 0.03533745, 0.026670748, 0.015553637, -0.0028598832, -0.045938686, -0.014431609, 0.051149026, -0.026116183, -0.008415214, -0.039387073, 0.057313737, -0.035105307, -0.0020328707, 0.00047113915, -0.009943495, -0.035027925, -0.00777037, -0.044752173, -0.022221325, 0.036394995, 0.011426636, -0.020583421, -0.028115198, 0.0343057, 0.025600307, 0.021847315, -0.012535768, 0.05576611, 0.011039729, 0.03848429, 0.017513962, 0.0094727585, -0.0057810266, 0.021266956, 0.021615172, 0.0045816167, -0.039051753, 0.029095361, 0.0016830429, 0.003530521, -0.016624078, -0.02339494, 0.026438605, -0.015166731, 0.008647358, 0.032964427, -0.0015202197, -0.014496094, -0.04108946, 0.029250124, -0.0130580915, -0.056539923, 0.04067676, -0.025884038, 0.021757036, 0.02674813, 0.013735177, -0.008769878, -0.022298705, -0.022853272, -0.030152906, 0.026644954, 0.036394995, 0.0016620854, 0.0035079513, -0.05509547, -0.018816547, 0.016159791, 0.003164572, -0.0020425434, -0.017410789, 0.0037723375, 0.004323679, 0.008750533, 0.011278322, 0.0214991, 0.010736653, -0.0056843, -0.01070441, -0.003778786, 0.046402976, -0.023549704, -0.012213346, -0.029146949, 0.019912783, 0.019525876, 0.016830428, -0.0017378546, -0.050039895, 0.011213837, -0.00014307477, 0.0120779285, 0.00070408906, 0.029353298, -0.0016000192, -0.048131157, -0.038174763, 0.020480245, -0.003972239, 0.0019796712, -0.003952894, 0.021434614, 0.04157954, -0.017294716, -0.015063556, 0.022247119, -0.03239696, -0.019216351, -0.03691087, -0.006925625, 0.0011502405, 0.004533253, -0.022879066, 0.038329527, 0.0005997049, 0.027599324, -0.043410897, 0.010136948, 0.003852943, -0.008254004, 0.019384012, -0.014895896, 0.010627029, 0.027006067, -0.0036207992, -0.031700533, -0.008647358, 0.03239696, -0.011890924, -0.008924641, -0.026902892, -0.03291284, -0.0030436637, 0.0020828461, 0.037762064, 0.012374557, 0.002007077, 0.035208482, -0.019500082, 0.015992131, 0.035569597, 0.01450899, -0.012277829, -0.0065258215, 0.0157084, -0.00336931, -0.0101304995, -0.025651895, -0.036678728, -0.034408875, -0.040418822, 0.01996437, 0.00913744, -0.011607192, 0.0066612386, -0.029508062, -0.03703984, 0.03108148, 0.022285808, 0.0126002515, -0.02682551, -0.035956502, 0.024400897, -0.050736327, 0.0010277202, -0.017397892, 0.012297175, 0.009292202, -0.035595387, 0.02609039, -0.001114774, 0.006342041, -0.04591289, 0.026103286, 0.00091809663, -0.03237117, -0.031158863, 0.031700533, -0.0173592, -0.0065612877, -0.03732357, -0.012206897, 0.0020473797, 0.016185585, -0.044468444, -0.043720424, 0.022582438, 0.00035365662, -0.00051950244, 0.0010438412, 0.0347184, 0.011787748, -0.015618122, 0.0012719549, 0.015579431, -0.005100716, -0.012503525, -0.010401334, 0.0049008145, 0.007209356, 0.023549704, -0.020867152, -0.004410733, -0.009788732, 0.020583421, 0.008821466, 0.028837424, -0.018133013, -0.025290782, 0.0017846058, -0.007086836, -0.04088311, 0.013322477, -0.009421171, -0.026219357, 0.026593367, -0.0007399585, 0.016017925, 0.024942566, 0.001201022, -0.031700533, -0.010240123, -0.0041108807, -0.015411772, 0.027496148, -0.012645391, -0.007892891, -0.04067676, -0.0165338, -0.016159791, 0.05385737, -0.032938633, 0.04704782, 0.037891034, -0.006480682, -0.005832614, 0.051639106, -0.0020651128, 0.006093776, -0.024671732, -0.0049330564, 0.011961856, -0.0135417245, -0.0124132475, 0.0334803, -0.0013839965, 0.04348828, 0.036575552, 0.009575933, -0.006354938, -0.049781956, 0.007983169, -0.042972405, 0.041270018, -0.008544183, -0.007196459, 0.01951298, 0.039541833, 0.011897372, -0.0057649054, 0.023717362, -0.023756053, -0.024336413, -0.023162797, 0.0027373629, -0.0011784524, -0.010285262, 0.0151925245, -0.016314553, 0.00057995657, -0.010846276, 0.0072609433, 0.03923231, -0.0036885077, 0.0016435462, 0.015553637, 0.004533253, -0.022143943, 0.003604678, 0.031648945, 0.046815675, -0.0008777939, -0.0058809775, 0.005758457, 0.011736161, -0.02264692, 0.021602275, -0.0124261435, -0.028166786, -0.0060389643, 0.039077546, 0.02633543, -0.034873165, 0.0064387675, 0.0030404394, -0.046274006, -0.0026245152, -0.039051753, -0.025290782, 0.026851304, 0.013193509, -0.017887972, 0.0013291847, 0.022079458, 0.005274824, -0.020067545, 0.05576611, 0.0032113232, 0.0047009126, 0.0065483907, -0.00028373135, -0.04480376, -0.0039464454, 0.011974753, -0.02832155, 0.026567573, 0.017552653, -0.042147003, 0.01045937, 0.0032741954, 0.0347184, -0.008299142, 0.010697962, -0.008021859, 0.017010985, -0.05151014, 0.013515931, -0.007505984, 0.018958414, 0.014496094, -0.01082693, 0.018378055, -0.025471339, 0.013877043, -0.03195847, -0.009098749, -0.0014412263, -0.016262965, 0.035156894, 0.035853326, -0.010272365, 0.011317012, 0.0040238267, -0.006451664, 0.032061644, -0.010265917, 0.02500705, 0.019280836, 0.01124608, 0.01773321, -0.0068224496, 0.015798679, 0.010369091, 0.021576481, 0.0065741846, 0.0376073, 0.057520084, -0.017410789, -0.02434931, 0.0044784416, 0.023008034, 0.010762447, 0.010040221, -0.03216482, 0.055869285, -0.032087438, -0.007828406, 0.007493087, 0.023614187, 0.013503034, -0.027289798, -0.03889699, 0.011355703, 0.013954424, 0.010833379, -0.030101318, -0.017887972, -0.006155036, -0.035775945, 0.027496148, -0.03195847, 0.00822821, 0.018906826, 0.030230287, 0.011336357, -0.031442594, -0.009395377, -0.019280836, 0.01744948, -0.036523964, -0.0005755233, -0.005290945, 0.00946631, -0.00013350286, 0.051587522, 0.012451937, 0.019371115, 0.046944644, -0.010194983, 0.039051753, -0.013864146, 0.021383027, 0.008324936, -0.039129134, 0.0022875841, -0.05478595, -0.0049781958, -0.0109365545, -0.043849394, -0.008756981, 0.010265917, -0.010317504, -0.071139194, -0.022659818, 0.041063666, -0.01913897, -0.02637412, -0.0034628124, -0.013735177, -0.00934379, -0.019087382, -0.014031805, -0.017372098, -0.018584404, -0.04807957, 0.024117166, 0.004117329, 0.009911252, -0.009324444, 0.017797694, 0.032139026, 0.029121155, -0.0084925955, -0.0066354447, 0.0029227554, 0.018984208, -0.0027776656, -0.007022351, 0.031055687, -0.022092355, -0.022582438, -0.016624078, -0.019126073, -0.035105307, 0.04704782, -0.021937594, -0.0033080496, 0.014057599, 0.014160775, 0.04281764, -0.010794689, -0.024478279, -0.026258048, 0.009272857, 0.022337396, 0.0069449698, -0.013554621, 0.004468769, -0.005732663, -0.027547736, 0.036807697, 0.031107275, 0.019809607, -0.008776327, -0.0008032338, -0.023162797, 0.017178643, 0.01409629, -0.014405815, -0.0012695367, -0.011671676, -0.02041576, 0.015682606, -0.010697962, -0.0413474, -0.011039729, 0.020493142, 0.04083152, -0.011033281, -0.015321493, -0.012381005, 0.004497787, -0.0009938658, 0.00028997828, -0.011897372, 0.019899886, 0.009163233, -0.019629052, 0.015115144, 0.022866169, -0.018403849, -0.005535986, 0.0032338926, -0.02414296, 0.030952511, -0.00017058139, -0.04245653, 0.01298071, 0.019719329, -0.011355703, -0.0048137605, 0.029662823, -0.028424723, -0.0046235314, -0.025703482, -0.0065483907, 0.029456474, 0.029198537, -0.008821466, 0.02339494, -0.044906937, -0.021357233, -0.019319527, 0.07129395, -0.014405815, -0.030823544, 0.02095743, 0.037710477, -0.016894912, 0.0044010603, -0.0066612386, -0.02674813, -0.034615226, -0.011336357, 0.027676705, -0.028527899, -0.031184657, 0.000020252131, 0.0048621236, -0.0050362316, -0.018429643, 0.023614187, -0.040418822, 0.057468496, -0.0026906116, 0.0045493743, 0.0033951036, 0.010975245, -0.035234276, -0.010672168, -0.024207443, 0.010033772, 0.02013203, -0.024246134, 0.03004973, -0.053444672, -0.022311602, 0.011684573, 0.0046976884, 0.007809061, -0.03812318, -0.007931582, 0.0066354447, 0.0289406, -0.004929832, -0.0011179983, 0.0013090334, -0.008305591, 0.0019184109, -0.026438605, 0.00043567273, 0.018210394, -0.011478223, 0.013296683, 0.00063114107, 0.032422755, -0.001480723, 0.007680092, -0.000952757, 0.0025422976, -0.0024423467, -0.016379038, -0.013193509, 0.0048266575, 0.023304662, 0.011458878, -0.00946631, 0.0032903166, 0.020003062, 0.010517405, 0.026387017, 0.023988197, 0.040367234, 0.022517953, 0.029817587, 0.024001094, -0.002506831, 0.01546336, 0.033248156, 0.019667743, -0.018326467, 0.007692989, 0.0058100447, 0.0132450955, -0.0117555065, 0.0033177224, 0.029714411, 0.02029969, 0.00905361, 0.026438605, -0.009485655, 0.013232199, -0.0027325265, -0.0052200123, 0.0032177716, 0.005774578, 0.0041560195, 0.020389967, 0.027418766, 0.00084958196, -0.02798623, -0.0015959889, 0.030101318, 0.008602219, -0.056539923, -0.027418766, 0.013399858, -0.025884038, -0.007486639, -0.015605225, -0.0024858736, -0.008569977, 0.024645938, 0.012555113, 0.014895896, 0.020776873, -0.0052554784, -0.025767967, 0.021963386, -0.006122794, -0.0030065852, -0.031055687, -0.02256954, -0.00009148724, -0.012555113, 0.021305647, -0.020286793, -0.0047363793, 0.056230396, 0.01645642, 0.006467785, -0.0066612386, 0.019048693, -0.0017023882, 0.03438308, -0.028837424, -0.046506148, -0.012142412, 0.012877535, 0.011046178, 0.018635992, -0.025419751, -0.03972239, -0.048234332, 0.03092672, -0.02116378, 0.009459862, -0.0021295974, -0.0032725832, 0.0013533663, 0.012058583, -0.018094324, 0.029740205, 0.014083393, 0.018739168, 0.014289743, -0.0034789334, 0.047873218, -0.029662823, 0.046248212, 0.0011857069, 0.008956883, 0.018584404, -0.000850388, -0.023317559, -0.022311602, 0.01831357, -0.031184657, 0.0024874858, -0.012961364, 0.024297722, 0.017423686, -0.019332424, 0.0070997323, -0.00013985054, 0.012722773, -0.0015564922, -0.017875075, -0.010981693, -0.00029380704, 0.00818307, -0.010897864, -0.02513602, 0.0012034401, 0.0023714139, 0.024839392, 0.0034628124, -0.0039915843, 0.011329909, 0.026593367, 0.004952402, 0.009266408, -0.0045783925, 0.0024310618, 0.005784251, -0.023278868, -0.009440516, -0.002477813, 0.023652878, -0.0111106625, -0.006912728, 0.02075108, -0.01368359, -0.0051942184, -0.027521942, 0.0009309935, -0.015631018, -0.017797694, 0.0062904535, -0.0056294883, 0.0054457076, 0.018081427, -0.004510684, 0.0034241218, 0.018468332, -0.022827478, 0.011807093, 0.009453413, 0.005597246, -0.018532816, -0.003840046, 0.009040713, -0.0066741356, -0.039877154, -0.017746108, 0.03229379, -0.057571672, -0.004162468, 0.014831412, -0.0012929122, 0.0155278435, -0.0073060826, -0.010691513, 0.013386961, -0.0120779285, -0.015179628, -0.015218318, -0.0014049539, 0.012432592, -0.009550139, -0.008363627, -0.0030452758, 0.0009011695, -0.032758076, -0.013464343, -0.0039335485, -0.038664848, 0.013019401, 0.009285754, -0.01492169, 0.02277589, -0.058397073, 0.015424669, 0.027392974, 0.029765999, 0.01583737, -0.028837424, 0.015076453, 0.035698563, 0.0067321714, -0.011226734, 0.0045783925, 0.01872627, 0.052077603, -0.02013203, -0.002182797, 0.020815564, -0.029379092, 0.008892399, -0.017513962, 0.015514947, -0.019332424, 0.0050878194, 0.00016836474, 0.010568993, 0.03869064, -0.0219118, -0.01628876, 0.01732051, 0.018326467, 0.03732357, 0.036111265, -0.0069836606, 0.020725286, 0.0060002734, 0.025368163, 0.00630335, 0.0152054215, 0.008079896, -0.00715132, -0.015076453, 0.015231215, -0.050168864, 0.012374557, 0.005835838, 0.018403849, -0.03167474, 0.025522925, 0.025651895, -0.032345377, -0.057984374, 0.0011373436, 0.045371223, -0.04108946, -0.010498061, 0.03580174, 0.0034176733, -0.006009946, 0.009995082, 0.012155309, -0.012226243, -0.0021666759, 0.026283842, 0.03190688, -0.013070988, -0.020828461, -0.021602275, 0.008066999, 0.0064839064, -0.03278387, -0.019293733, 0.011439533, 0.005571452, 0.03203585, 0.0069707637, -0.01016919, -0.0041527953, 0.11875447, -0.026077492, -0.006912728, -0.009692006, 0.0056294883, -0.01781059, -0.017720314, -0.013748074, -0.025884038, 0.0132450955, -0.0067773103, 0.013232199, -0.015037762, 0.02373026, 0.01876496, 0.013174163, -0.012800153, 0.0019216351, -0.007396361, 0.0020699492, 0.019822504, 0.012432592, 0.023098312, 0.05638516, 0.015347287, 0.024581453, 0.009653315, 0.023343353, -0.019616155, 0.013064539, 0.025419751, -0.017436583, 0.041166842, -0.024994154, -0.01281305, -0.027109241, -0.0017926664, 0.011994098, 0.010136948, 0.011336357, 0.009530795, -0.004530029, 0.024323516, -0.0049008145, 0.003488606, 0.0135804145, -0.029688617, 0.03533745, 0.023962403, -0.021834418, -0.0000883134, 0.002124761, -0.022505056, 0.0127614625, 0.0034176733, 0.029404886, -0.008621564, -0.0053586536, -0.012419696, 0.006667687, -0.008118586, 0.030771956, -0.022543747, 0.040444616, -0.00462998 ] } ], | F5: =LEN(E5)-LEN(SUBSTITUTE(E5,",",""))+1 -> 1537
A6: INT-05 | B6: Roles & Responsibilities | C6: Security roles, responsibilities, and authorities are defined | D6: Roles & Responsibilities. Security roles, responsibilities, and authorities are defined | E6: "embedding": [ -0.0054939594, 0.024837153, 0.066279314, 0.003808246, -0.004376991, -0.01930215, 0.013262899, -0.0006643909, 0.024626072, 0.034171607, 0.043201167, -0.015432338, 0.0033186562, -0.020169925, 0.025751835, -0.016569829, -0.03123993, 0.061213378, 0.024743339, 0.05675723, 0.009756615, 0.008648442, 0.009158554, 0.048079472, -0.07627046, 0.0026751535, -0.0067193997, 0.02406319, -0.0051597483, 0.0058457605, 0.030090714, -0.037619255, -0.0028481225, -0.007358505, 0.008976789, -0.025916008, -0.016311841, -0.015877953, 0.007311598, 0.035836797, -0.00901197, -0.019876758, -0.01965395, 0.008677758, -0.023148507, 0.0094106775, -0.00820869, -0.029246392, 0.0026824828, -0.0067311265, -0.019958844, -0.0036851158, 0.03984733, 0.00454996, -0.0036792525, 0.056569606, 0.008284914, -0.020123018, -0.06032215, 0.020381005, -0.021635763, -0.068390116, -0.03433578, -0.007610629, 0.020005751, -0.034101248, -0.05868041, -0.03888574, 0.026385076, 0.006179971, 0.04397513, 0.035907157, -0.00001770457, -0.013708513, 0.004632047, -0.030278342, 0.016147668, 0.06163554, -0.027276305, -0.042919725, -0.019454597, 0.014201035, -0.007065337, -0.028261349, -0.027979909, 0.0030489422, -0.036235504, -0.042919725, -0.02388729, -0.012946278, -0.03379635, -0.027956454, -0.027815735, 0.0034007432, 0.010712341, -0.033069298, 0.027628107, 0.042708643, 0.0032834762, 0.044819452, -0.027393574, -0.021002522, -0.03166209, -0.0044297613, 0.0062620584, 0.05028409, -0.00032413335, 0.016698822, -0.007229511, -0.023265775, -0.06294893, -0.019255243, 0.025470395, 0.015033631, -0.022937426, 0.031802814, 0.014541109, -0.009826975, -0.001993539, 0.00068088155, 0.0056757233, -0.0053092637, 0.03372599, -0.09728471, -0.0062855114, -0.018657181, -0.04972121, -0.043107353, -0.022116559, -0.01496327, 0.030935036, -0.03227188, 0.05694486, -0.04976812, 0.008232144, 0.03958934, 0.010249137, -0.056569606, 0.0044092396, -0.0014467817, 0.03192008, 0.030090714, 0.014459022, 0.023969376, -0.01930215, -0.018727541, -0.085323475, 0.042356845, -0.045358878, 0.0011829309, -0.006103748, -0.0078744795, 0.0045910035, 0.025798742, -0.016218027, -0.04418621, -0.001525937, 0.016675368, 0.038698114, 0.026173996, 0.0023438744, 0.011568391, -0.060369056, -0.023594122, 0.00453237, -0.058727317, 0.052629434, 0.010899968, -0.04915833, 0.013298078, -0.031169571, -0.020603813, -0.0015801729, -0.007851026, -0.012465483, 0.024743339, 0.013520886, 0.045898307, 0.01830538, -0.055396933, 0.009821112, -0.0020184584, 0.017918399, -0.028918045, -0.0430839, 0.007305735, 0.005476369, 0.006707673, 0.0011946576, 0.059384014, 0.030512875, 0.06787414, 0.028589696, -0.03647004, -0.01029018, -0.0033157247, -0.03128684, -0.016816089, -0.04660191, 0.01781286, -0.019384237, -0.038111776, 0.055678375, 0.01506881, -0.030231435, -0.0056815865, -0.026127089, -0.045593414, -0.0053180587, -0.029199485, 0.014400389, -0.04784494, 0.033960525, -0.023336135, -0.012664837, 0.012031595, 0.021624036, -0.013978227, 0.005423599, -0.038862288, -0.011140366, 0.037244003, -0.0045382334, -0.011720837, -0.017461058, 0.07664572, -0.0029038242, -0.013180812, 0.023265775, -0.04399858, -0.000031355183, 0.006103748, -0.026830692, -0.028566243, -0.031122664, -0.019712584, 0.009727298, -0.021624036, 0.029293299, 0.013028365, -0.019982299, -0.013016638, -0.01489291, -0.0036851158, 0.026244357, 0.0012071172, 0.06107266, 0.006009934, 0.02840207, -0.030864676, 0.024977872, 0.020791441, 0.025704928, -0.0025344333, -0.03227188, -0.046695724, 0.033280376, -0.026385076, -0.0042567924, 0.007598902, -0.02992654, 0.008226281, 0.004376991, -0.019220063, -0.046766084, 0.024157004, 0.015315072, -0.036634214, -0.013145631, -0.026361624, 0.04496017, 0.04688335, 0.0015171419, -0.04777458, -0.07336224, 0.014505929, 0.032178067, -0.019900212, -0.012700017, 0.03672803, 0.003438855, 0.0067487163, 0.0031310292, -0.0037877243, -0.018997256, 0.05520931, -0.04315426, -0.0063382816, 0.006607996, 0.016487742, 0.017965306, 0.01947805, -0.017226523, 0.017472785, -0.02289052, -0.029410565, 0.05666342, -0.04397513, -0.009481038, -0.0137671465, -0.02840207, 0.09737852, -0.032506414, 0.026009822, 0.025259314, 0.0031837993, -0.010471944, -0.03349146, -0.016276661, -0.068202496, 0.0162063, 0.012289583, 0.0031925943, -0.012817284, -0.053192314, -0.04521816, 0.026643064, 0.013473979, 0.022867067, 0.0013243842, 0.019231789, -0.052019645, -0.015666872, -0.034453046, 0.029340206, -0.025845649, -0.040480573, 0.06501283, 0.0018381603, -0.03123993, 0.07176741, -0.010946875, -0.007528542, -0.021811664, -0.011544937, -0.040292945, 0.038698114, 0.061870072, 0.022128284, -0.023875562, -0.0024684705, -0.059337106, -0.008062107, 0.01254757, -0.016429108, 0.008765709, -0.0121840425, -0.010671298, 0.035672624, 0.036774933, 0.017343791, -0.007059474, -0.057460833, 0.0042655873, -0.07434728, -0.03344455, 0.03349146, -0.011843968, 0.013673333, 0.038088325, -0.027675014, -0.016276661, 0.028448977, -0.0069539337, -0.009533808, 0.008337684, -0.00012349682, -0.0382525, -0.005054208, -0.0296451, 0.008044517, 0.029762367, -0.044584915, 0.029598193, -0.01023741, 0.027041772, -0.026994865, 0.022902247, -0.013520886, -0.0155847855, 0.0007263225, -0.0033157247, 0.02640853, -0.009129236, 0.060369056, 0.008724665, -0.016393928, -0.031216478, 0.0026414394, 0.0037613392, -0.0032072526, 0.036024425, 0.031169571, 0.068483934, -0.054458797, -0.021952383, 0.025564209, 0.048501633, 0.029082218, -0.04329498, 0.032576773, 0.034640674, 0.027018318, 0.03775998, -0.041113812, -0.026736878, -0.0071063805, -0.0785689, -0.020052658, -0.0019730174, 0.03562572, 0.028871138, 0.004016395, -0.0049662576, -0.0043564695, -0.025798742, 0.04986193, -0.014083767, -0.00050864567, 0.03715019, 0.025845649, -0.02992654, -0.020533454, -0.008179374, 0.0403164, 0.02861315, -0.00925823, -0.05047172, 0.044326928, -0.026361624, -0.009750752, 0.045311972, -0.0005306332, -0.014904637, 0.013989954, 0.0044385563, -0.012664837, -0.04125453, -0.03166209, 0.0055994997, 0.014447295, -0.019454597, 0.005532071, 0.01805912, -0.032107707, -0.00073072006, -0.0022060855, -0.06670147, 0.04179396, 0.020064386, 0.019665677, -0.017777678, 0.009985286, 0.016311841, -0.017355517, 0.011111049, 0.05253562, 0.042638283, -0.057929903, 0.035836797, 0.045265064, 0.03515665, 0.07608283, 0.021940658, -0.03496902, -0.03604788, -0.030677048, -0.032084253, -0.037267454, 0.009422404, 0.055725284, 0.07645809, 0.01126936, -0.005631748, 0.022163464, -0.019994024, -0.015279891, -0.059618548, 0.020146472, 0.03503938, 0.0069070267, -0.003230706, -0.048642356, -0.0075754486, 0.052019645, 0.046414282, 0.02367621, 0.03916718, 0.045429237, 0.0296451, -0.003265886, 0.018082572, 0.052582525, -0.011034826, 0.012805557, -0.04758695, 0.051269136, -0.037431628, -0.018317107, 0.01268829, 0.018704088, 0.008495995, -0.017848039, 0.014588016, 0.00044634755, 0.02633817, -0.0029272777, 0.009785932, -0.02729976, 0.05694486, -0.017918399, 0.013086998, -0.018727541, -0.0055555245, -0.005174407, -0.025939463, 0.009510354, 0.021635763, -0.008079696, -0.008783299, -0.0033333148, -0.018211566, 0.036657665, 0.0012400986, 0.0034828302, 0.014294848, -0.01702717, 0.018985528, 0.014247942, -0.01751969, 0.056241255, -0.02126051, -0.0055613876, -0.004857786, 0.019994024, 0.03771307, 0.030043807, 0.0056845183, 0.0044913264, 0.021940658, 0.0064555486, -0.0047082705, 0.007616492, -0.0077396226, -0.005335649, -0.017261704, 0.0029477994, -0.02495442, 0.028918045, 0.01834056, -0.0048958976, -0.0036616623, -0.0038522212, -0.0073233247, -0.018176386, 0.009176143, -0.000021804335, -0.04887689, 0.013450526, -0.0005559189, -0.016651915, 0.032623682, 0.016558101, -0.019524956, -0.04986193, 0.004863649, 0.036845293, 0.04252102, 0.014376936, -0.008783299, -0.044280022, 0.0113749, 0.028964952, 0.016945083, 0.0045382334, 0.016687095, 0.00694807, -0.012031595, 0.013825781, -0.016980262, -0.028003361, -0.014763916, -0.0042010904, -0.016042126, -0.0027836256, -0.05694486, 0.004892966, 0.0035590536, -0.004819674, -0.020568633, 0.0076282187, 0.004766904, 0.010747521, -0.0048431274, 0.011961235, -0.0036792525, 0.01364988, -0.015748959, -0.01851646, 0.009311001, 0.0077689392, 0.009545535, -0.04355297, -0.020287191, -0.026291262, -0.013825781, 0.015772413, -0.030184528, -0.00391965, 0.01979467, 0.029574739, 0.023207141, 0.0011118378, 0.052441806, -0.026572704, -0.031802814, 0.020803167, -0.017601779, -0.041887775, 0.00810315, -0.023148507, 0.01961877, -0.009762478, -0.010788565, 0.00915269, 0.023042968, -0.001615353, -0.024837153, -0.021084609, 0.014376936, -0.0009088193, 0.014025134, 0.0030929174, 0.00057094375, -0.0040222583, 0.002971253, -0.018915169, 0.05844588, -0.0067487163, -0.021799937, 0.042098857, -0.008402181, -0.013309806, -0.058633503, 0.048970703, 0.0231016, -0.041653242, 0.014412115, -0.023195414, -0.020169925, -0.032858215, -0.027323212, 0.0026912778, -0.019560138, 0.011157956, -0.011703247, -0.017015442, 0.023125054, 0.021858571, 0.020216832, -0.044842903, -0.028988404, -0.013051818, 0.016933355, 0.030677048, 0.00820869, -0.011193136, 0.0050424812, 0.009393088, 0.008753982, -0.09418886, 0.03818214, -0.003890333, 0.02164749, 0.0068835733, -0.0017985827, -0.00089416094, -0.0087363925, 0.029340206, 0.027979909, 0.05075316, -0.002285241, 0.003087054, -0.017097529, 0.005578978, -0.0005526208, 0.05675723, -0.015408885, 0.013415346, -0.024391538, -0.011363173, 0.0154440645, -0.0057431515, -0.0030489422, -0.011744291, 0.057460833, -0.0160304, 0.0064496854, 0.010630255, -0.061401006, -0.003529737, 0.06707673, 0.040785465, -0.033256922, -0.014763916, -0.028941497, -0.003386085, 0.023981104, 0.020017479, -0.017343791, 0.0077572125, 0.00067758345, -0.039823875, 0.029551286, 0.047047522, -0.00234534, 0.04418621, 0.00924064, 0.03543809, -0.014447295, -0.0013163221, 0.014224488, -0.028237896, -0.024250817, -0.016089033, 0.014353482, 0.0063793254, 0.017707318, -0.011961235, -0.020767987, -0.017590052, -0.020052658, 0.0015112786, 0.012946278, 0.00004479966, -0.0080152, -0.024532259, 0.01916143, -0.01937251, 0.0043095625, 0.005417736, -0.03245951, -0.016968535, -0.0051245685, -0.009656938, -0.029692007, -0.03398398, 0.017320337, 0.022011017, 0.05413045, -0.022057924, 0.007434728, 0.0007680989, -0.025118593, 0.005649338, -0.029973447, -0.0034007432, 0.016675368, -0.018399194, -0.0016637257, -0.0033538365, 0.029410565, 0.0051919967, -0.0019217131, 0.009463447, -0.0076223556, 0.021940658, 0.025423488, 0.019184882, 0.020826621, 0.015608239, 0.015866226, -0.02605673, -0.024696432, -0.005174407, 0.015338524, 0.012559297, -0.011527346, 0.006830803, -0.02296088, 0.015221258, -0.019266969, 0.015573058, 0.009844566, -0.01830538, 0.029269844, -0.012277856, -0.029692007, 0.008654305, -0.023136782, -0.028730417, 0.026596157, 0.009615894, -0.018833082, -0.03053633, -0.036212053, 0.0019305081, -0.0868714, -0.027862642, -0.014916363, 0.012348216, 0.016862996, -0.0091351, 0.057742275, 0.019876758, 0.047469687, -0.032600228, 0.016558101, -0.059477825, 0.0076282187, -0.01461147, 0.030348701, -0.034711033, 0.0054910276, -0.016862996, -0.031755906, -0.012230949, -0.015174351, -0.05839897, -0.03489866, -0.005605363, 0.0154440645, -0.032365695, 0.004456146, 0.014705283, 0.024391538, -0.011263496, -0.0068718465, 0.02985618, 0.008519448, 0.03785379, -0.012571023, -0.00523304, -0.011028962, 0.023465129, 0.005883872, -0.016077306, 0.027276305, -0.032084253, 0.009017833, -0.0032805447, 0.0031896627, -0.028941497, 0.009146826, 0.031474464, 0.012195769, 0.030348701, 0.04212231, 0.013943047, -0.003356768, -0.017144436, -0.014330029, -0.0078275725, -0.018082572, 0.030020354, -0.0028715758, -0.011990552, 0.0028319983, 0.0060685677, -0.018012213, 0.01116382, -0.024039736, -0.011972962, -0.028003361, 0.0045353016, -0.03252987, 0.032740947, 0.034429595, 0.006994977, 0.013473979, 0.023125054, 0.0041747056, 0.0014416513, 0.015045357, 0.0048607173, -0.0032453644, 0.0052007916, 0.055068586, -0.0069128904, 0.03867466, 0.017425878, -0.0046789534, -0.029129125, -0.004819674, -0.026994865, -0.005983549, -0.023207141, 0.021530222, -0.009070603, 0.021025974, 0.018821355, 0.03405434, 0.045945212, -0.0014269929, -0.02488406, 0.0057929903, -0.024930965, -0.021213602, -0.012113682, -0.048173286, 0.008783299, 0.0138140535, 0.007194331, -0.0021239987, -0.022397999, -0.0047698356, 0.019231789, -0.006713536, 0.02164749, 0.01613594, -0.031591732, -0.006778033, 0.019008983, 0.0060978844, 0.0296451, -0.015397158, -0.014025134, 0.009463447, -0.0010810553, -0.05004956, 0.06041596, 0.0012393657, 0.006221015, -0.019278696, 0.001632943, 0.002997638, 0.0012672166, -0.009217187, 0.011791198, -0.009469311, -0.024508804, 0.015502699, -0.019384237, 0.032107707, -0.0094106775, -0.033960525, -0.029387113, 0.0032922712, 0.014599742, 0.016112488, 0.056569606, -0.027604654, 0.021905476, -0.009668665, 0.0076399455, -0.002140123, 0.0039313766, -0.012277856, -0.014224488, 0.016710548, 0.0163822, -0.0413718, -0.011714974, -0.015549606, 0.028519336, 0.009885609, 0.016323568, -0.04411585, 0.03192008, -0.06566952, 0.04552305, -0.015162624, 0.0120433215, 0.0020638993, 0.02040446, 0.012172315, -0.04709443, 0.014177581, -0.027182493, 0.034922116, 0.042309936, 0.0050659347, 0.023218868, 0.0012708812, -0.007006704, -0.0041952273, 0.005397214, -0.027979909, 0.022186918, -0.040527478, 0.021729577, 0.030888129, 0.026361624, -0.0006101549, -0.029387113, 0.01592486, -0.013520886, 0.02299606, 0.017836312, 0.021342596, -0.01769559, -0.027557747, -0.029410565, 0.035062835, -0.012746924, -0.008812616, -0.0057255616, -0.0163822, 0.008894702, 0.0042479974, 0.010501261, 0.0021415888, 0.009182007, 0.009639348, 0.028566243, 0.008408044, 0.017156163, 0.012981458, -0.0013866824, -0.017765952, -0.013825781, 0.048079472, -0.015150897, 0.008009337, -0.023910742, 0.031333745, -0.00044158357, -0.0057841954, -0.032318786, -0.012406849, -0.023664482, 0.027956454, -0.0024347561, -0.014212761, 0.004294904, -0.030489422, -0.0089709265, -0.0069891135, 0.028355163, -0.00453237, -0.0063851885, 0.004881239, -0.013931321, 0.023910742, -0.0034798984, -0.0078744795, -0.008589808, -0.023171961, 0.00225739, -0.01461147, 0.0028451907, -0.016159393, -0.024414992, 0.011738428, 0.009662801, 0.012148862, -0.012735197, 0.013274625, 0.0055437977, 0.011251769, -0.018704088, 0.01588968, 0.002077092, 0.02395765, -0.02619745, 0.022667713, -0.00924064, 0.010559894, 0.03600097, -0.00015198904, 0.039472073, -0.0022324708, -0.028073722, 0.011984688, 0.046461187, 0.013497433, -0.03991769, -0.007464045, -0.028566243, -0.022022745, 0.011691521, -0.0023790544, 0.01268829, 0.011714974, -0.006760443, -0.003781861, -0.028097175, -0.0045616864, 0.016159393, -0.016522922, -0.0010979123, 0.02058036, 0.0029639236, 0.032365695, -0.0068542566, -0.009920789, -0.025634568, 0.007933113, 0.014294848, 0.000014532406, -0.028120628, 0.0019642224, -0.03344455, 0.020556906, -0.018035665, 0.04716479, -0.0007299871, -0.018246746, 0.00075344054, -0.015420612, 0.06130719, 0.0083611375, -0.037736524, 0.010665434, -0.026901051, 0.00028547188, 0.015631692, 0.0019539616, -0.034007434, 0.016827816, 0.0010268192, -0.0047962205, -0.049533583, -0.017144436, 0.0008560492, 0.026713425, -0.00052880094, -0.01912625, -0.0040779603, 0.028589696, 0.013931321, -0.009979422, 0.023453401, 0.021084609, -0.027675014, -0.022292458, -0.015385431, 0.013098725, 0.013673333, -0.014576289, -0.009158554, 0.024414992, 0.010524714, 0.022913974, -0.025400033, 0.008531175, -0.0064555486, -0.037971057, -0.026502345, 0.053895917, 0.011386626, 0.06440304, 0.011005509, -0.007381958, -0.0018923964, -0.010794428, -0.0124185765, 0.0551624, 0.04041021, -0.0006281114, 0.00918787, 0.010149459, -0.0012884713, 0.036845293, -0.015420612, -0.0008333287, 0.009727298, -0.012594476, -0.00094106776, -0.014365208, -0.004881239, -0.009938379, -0.0031632776, 0.01162116, 0.03199044, 0.0026663586, 0.031404104, -0.0030137622, 0.00456755, -0.0030636005, -0.018997256, -0.0015552538, -0.032600228, 0.0014651046, -0.02299606, 0.027909547, -0.013391892, -0.03501593, 0.013215992, -0.024368085, -0.022351092, -0.007112244, 0.004520643, 0.015608239, 0.006461412, -0.020146472, 0.025071686, -0.011099323, -0.022022745, -0.006660766, -0.014247942, -0.02420391, -0.019923665, -0.014224488, -0.0027557747, 0.033421095, 0.013204265, -0.03675148, 0.031263385, 0.023582395, -0.008214554, -0.0011484837, -0.007059474, -0.0076340823, -0.0111345025, 0.027112132, 0.014001681, 0.007851026, 0.0029639236, -0.009533808, 0.017156163, 0.020533454, -0.00011992384, 0.016159393, 0.028918045, 0.035180103, -0.015913133, 0.016710548, 0.034664128, 0.020638993, 0.010864789, 0.023418222, 0.023910742, 0.0320608, 0.009604168, -0.0066373125, 0.009463447, -0.0025021848, 0.019841578, 0.026291262, 0.019806398, 0.005101115, 0.006578679, -0.00021859304, -0.027323212, -0.021366049, -0.0006533971, 0.029152578, 0.011058279, -0.0068190764, 0.001127962, -0.01613594, -0.0023658618, 0.012993185, -0.048970703, 0.01802394, 0.018493008, 0.04045712, -0.03356182, -0.0071532875, 0.026736878, -0.028800778, 0.006256195, 0.041606333, -0.030348701, 0.015244711, 0.021178422, 0.050987694, -0.013356713, 0.0053942823, 0.01151562, -0.023160234, -0.013696787, 0.006361735, -0.008836069, -0.0050659347, -0.01023741, -0.005702108, -0.020873528, 0.009627622, 0.0017560734, -0.023078147, 0.012301309, 0.0026135885, 0.02296088, 0.06041596, 0.0068601198, 0.015936587, 0.045827948, 0.0012210427, -0.0184461, 0.01887999, 0.00094473234, 0.037666164, -0.027229398, 0.015150897, 0.019665677, -0.049392864, 0.02978582, -0.018539915, -0.024180457, 0.03074741, -0.03440614, -0.010161187, 0.005892667, 0.015350251, 0.003421265, -0.008531175, -0.021178422, -0.01261793, 0.012852464, 0.004162979, -0.028167535, 0.030677048, -0.014201035, 0.015526152, -0.024414992, 0.014130674, 0.008343548, 0.01496327, 0.008583945, -0.01986503, -0.014517656, 0.022796707, 0.0059513007, 0.013673333, 0.008648442, -0.00451478, -0.01851646, 0.031826265, 0.04184087, -0.001904123, 0.016476015, 0.0044209664, -0.0106947515, 0.00021327937, 0.012535843, -0.01730861, -0.03970661, -0.0024611414, -0.003711501, -0.005271152, 0.035180103, 0.005643475, 0.0067663062, 0.030559782, 0.049111422, 0.027463933, -0.016663643, 0.013051818, 0.023113327, 0.0022779116, 0.0047346554, -0.021389503, 0.032224976, -0.02654925, -0.016534649, 0.0035414638, -0.014646649, 0.014740463, -0.020498274, -0.020263739, -0.030559782, -0.004737587, -0.011732564, 0.019173156, -0.0069187535, 0.016546374, -0.000132017, 0.03398398, 0.044326928, 0.024743339, -0.016980262, -0.0025974642, 0.009985286, 0.010489534, -0.020603813, -0.01009669, -0.029574739, 0.016757455, -0.01692163, 0.032248426, 0.00011241142, -0.019044163, -0.030067261, -0.017765952, -0.014670103, 0.021108061, -0.0008230678, -0.005614158, 0.024766792, 0.032975484, 0.009287547, -0.020463092, 0.014588016, -0.04252102, 0.004335948, -0.009668665, 0.00038331654, -0.013438799, 0.00013403253, -0.017977033, -0.022292458, 0.050659347, -0.020709354, -0.027628107, -0.021811664, 0.0361886, 0.011281086, -0.024110097, -0.026033277, -0.0057841954, -0.005271152, 0.028495884, 0.003078259, 0.010126006, -0.0010297509, 0.0070184306, -0.008443224, 0.005423599, -0.004098482, 0.017144436, -0.0027924206, -0.0057959217, 0.0066197226, 0.021201875, -0.015033631, 0.0027675014, -0.01805912, 0.028495884, -0.0275812, -0.025400033, -0.009434131, -0.0017575392, 0.0048255376, 0.00002764478, -0.021108061, 0.02164749, 0.024555711, 0.026361624, -0.027768828, 0.02654925, 0.018610274, -0.026385076, 0.022151738, 0.03508629, -0.004432693, -0.010454354, 0.004376991, -0.0396597, -0.023113327, 0.016968535, 0.014154128, 0.00927582, -0.028800778, 0.014435569, 0.020709354, -0.025751835, -0.002527104, 0.035789892, 0.0032277743, -0.015279891, 0.034148153, 0.004693612, -0.009815249, -0.0251655, 0.00023838184, 0.014576289, 0.004945736, -0.031005397, -0.030981943, -0.017648684, -0.02168267, -0.0032248427, -0.0037320226, 0.024368085, 0.009469311, 0.013086998, -0.020779714, 0.023805203, 0.027862642, 0.1165165, 0.013122179, -0.022726346, -0.011175546, 0.007598902, 0.005766605, -0.012993185, 0.011861558, 0.02224555, 0.019642225, -0.0320608, -0.0067311265, 0.01748451, 0.022222098, 0.0022515266, -0.0071005174, -0.0022397998, 0.00058193755, 0.0044268295, 0.040292945, 0.004089687, -0.023746569, 0.004086755, 0.019243516, -0.00922305, -0.0035590536, -0.011744291, -0.029949995, -0.021072881, 0.040644746, 0.02051, 0.0003583973, 0.027417026, -0.009357907, 0.0028657126, -0.018352287, 0.012852464, -0.0008054778, -0.035531905, -0.002914085, 0.027721921, 0.0038786063, 0.0201582, -0.0071591507, 0.03764271, -0.023535488, -0.01571378, 0.013004911, 0.03543809, -0.011926055, 0.010718204, -0.012840738, -0.045358878, -0.013931321, 0.014247942, 0.038510486, -0.0063206917, 0.0071532875, -0.003682184, -0.012395123, -0.04141871, 0.017988758, -0.035203557, 0.018973801, -0.016569829 ] } ], | F6: =LEN(E6)-LEN(SUBSTITUTE(E6,",",""))+1 -> 1537
A7: INT-06 | B7: Risk Assessment | C7: Risks are identified, analyzed, and evaluated consistently | D7: Risk Assessment. Risks are identified, analyzed, and evaluated consistently | E7: "embedding": [ 0.020984262, 0.04186288, 0.04769991, 0.052903056, -0.006074739, -0.013120117, -0.018831693, -0.0054408535, 0.022780273, 0.033252593, -0.013892665, -0.017194154, -0.016560268, -0.010934531, 0.018343072, 0.028736157, -0.011033575, 0.016573474, -0.02876257, 0.013668164, 0.02501208, 0.008649901, 0.015820734, 0.0051965434, 0.020944644, -0.034758072, 0.012651305, -0.03055858, 0.013034278, -0.008557458, 0.12836188, -0.02452346, 0.0084254, 0.034097776, 0.027151443, 0.003106701, -0.033146948, 0.002530591, 0.009792215, 0.0161905, -0.018144982, 0.019954197, 0.0067878608, 0.047250908, -0.0051041017, 0.0031413666, 0.03716156, -0.04754144, 0.043790948, 0.025896877, -0.04867715, -0.014183195, -0.00250583, -0.062596224, 0.023348128, 0.018290248, 0.01261829, 0.014526551, -0.03124529, 0.04867715, 0.06354705, -0.011218458, -0.012664511, -0.029000277, -0.011601431, -0.03222253, -0.038799096, -0.03388648, -0.001827374, -0.015966, 0.011713682, -0.04468895, 0.021380441, 0.040753577, 0.009752598, 0.022410506, 0.0007155977, 0.0016193802, -0.0025999225, 0.016203707, -0.0029680384, -0.00476735, -0.03457319, -0.037135147, -0.004278729, -0.023295304, -0.045402072, -0.05736667, -0.035840962, -0.03845574, -0.036659732, 0.060166333, -0.029079514, 0.0060780407, -0.023612248, -0.020218316, 0.018171394, 0.02931722, 0.014935935, 0.03494296, 0.032328177, 0.010974148, -0.0070982007, 0.008762151, 0.0020271142, 0.0107562505, -0.021076703, 0.007626439, -0.06101151, -0.011707079, -0.002111302, -0.026755264, -0.019703286, 0.056627136, 0.015041583, 0.027864564, -0.0125588635, 0.021274794, -0.012796571, -0.020363582, -0.02565917, -0.0016639504, 0.023387747, -0.025408257, 0.037795443, -0.0021723795, -0.013516295, 0.012499437, -0.00048325543, -0.036157906, -0.021961503, -0.034335483, 0.053246412, -0.019056194, -0.012090052, 0.023559423, 0.0069265235, 0.029079514, -0.014381285, -0.009151727, 0.0058073187, 0.05269176, -0.022344476, 0.04532284, -0.030268049, -0.04466254, -0.044424832, 0.028419215, 0.004074037, 0.015860353, -0.0122485235, 0.002867343, -0.06402247, 0.045137953, -0.005797414, -0.05504242, -0.0013387537, 0.036765378, 0.0067383386, 0.01348328, -0.013628545, 0.06492048, 0.0017299801, -0.022370888, 0.039459392, -0.021406854, 0.012327759, 0.021750208, -0.061169982, 0.011409945, -0.02093144, -0.0011365375, -0.009079094, -0.039591454, -0.027177855, 0.025804436, -0.008478223, 0.044319186, -0.0117004765, -0.0014427506, -0.012004213, 0.019148635, -0.002685761, -0.00094422576, -0.0028508354, -0.005249367, 0.005533295, -0.03153582, 0.0049258214, 0.00603182, 0.011693873, 0.06560718, 0.020323966, -0.01998061, 0.012459818, -0.026715647, -0.0053946325, 0.08124304, -0.010551558, 0.0006933126, -0.06291317, -0.030664228, 0.03692385, -0.015556615, 0.000039153594, 0.035761725, -0.008821578, 0.0029399758, -0.013985107, -0.028155096, 0.026227027, 0.0003485134, 0.023942396, -0.0095082875, 0.0045956722, 0.018422307, 0.05446136, 0.06544872, 0.04355324, 0.034969367, -0.005005057, 0.007329305, 0.02625344, 0.0076462477, -0.021829443, 0.039195273, 0.07046697, 0.016481033, 0.027970213, -0.06613542, -0.000110290355, 0.011548608, -0.017841246, -0.008233913, -0.020456024, -0.040489458, -0.01736583, -0.013945488, 0.0056851637, -0.020086257, 0.022780273, 0.052638937, -0.052797407, -0.010122364, 0.02011267, 0.0012273284, 0.01268432, 0.021274794, -0.018620396, 0.03288283, 0.0010185093, -0.012677717, -0.009785613, -0.01168727, 0.00767266, -0.03528631, 0.035154253, -0.019135429, 0.037795443, -0.008623488, -0.02490643, -0.0043249503, -0.030320873, -0.013958694, -0.07574936, -0.036738966, 0.016731946, -0.034335483, 0.002357263, -0.012525848, -0.023876367, 0.017062094, -0.015398144, -0.028709747, -0.04904692, -0.0058403336, 0.05889856, -0.035233486, -0.028736157, -0.01268432, 0.015728293, -0.06560718, 0.05488395, -0.017894069, 0.02765327, -0.0055398983, 0.010300645, -0.03401854, -0.0023622152, -0.021631354, -0.047831967, -0.032407414, 0.02601573, -0.04067434, -0.018263835, -0.028868217, -0.0076462477, -0.058317497, -0.054302886, 0.00027959482, 0.015305702, 0.041994937, -0.023968808, 0.009475273, 0.008187692, 0.009785613, -0.0095082875, -0.022925537, -0.04495307, -0.0030720353, -0.019439166, -0.0019940992, 0.058528792, -0.054672655, 0.0084254, -0.010320454, 0.017682774, 0.02344057, 0.062437754, 0.0077981167, -0.024668723, -0.030162401, 0.033939306, -0.01858078, -0.01403793, 0.0035920197, -0.020099463, 0.012935233, 0.019795727, -0.0029465787, 0.01137693, 0.0015384938, 0.034969367, -0.0020238126, -0.022780273, -0.04603596, 0.0058535393, -0.0019478784, -0.02142006, -0.028049449, -0.014579374, -0.031932, 0.025078109, -0.019042987, 0.016626297, 0.03098117, -0.04603596, -0.0026824595, 0.05461983, -0.0025256388, 0.007309496, -0.03721438, -0.020020228, 0.027890977, -0.050525986, 0.023849955, 0.031192467, 0.008900814, -0.038376506, -0.0035689094, -0.0065006316, -0.025355434, -0.008451811, 0.012572069, 0.0029746413, 0.022186004, -0.0120834485, 0.014196401, -0.0100497315, -0.058317497, 0.045560546, 0.022978362, -0.06581848, 0.034229834, -0.0235066, 0.027494797, 0.013463471, 0.026227027, 0.057842083, -0.005265875, 0.04149311, 0.045824666, -0.015252878, -0.021763414, 0.030452933, 0.06935768, -0.0001188536, -0.015332114, -0.003984897, -0.026676029, -0.024497047, 0.04574543, 0.0007325178, 0.0027154745, -0.002383675, -0.055940427, -0.027177855, 0.063811176, 0.06428659, -0.013179543, -0.009679965, 0.0017976606, -0.05889856, 0.02876257, 0.023004774, -0.008841387, -0.044583306, -0.0016556967, -0.0031248592, 0.0137341935, 0.005397934, -0.03618432, 0.00030126085, -0.02301798, -0.0069463323, -0.0179601, 0.030241637, -0.036765378, -0.012103258, 0.017062094, -0.01785445, -0.05322, -0.019016575, -0.038508564, -0.0005674434, -0.00603182, 0.01645462, -0.0023589137, 0.02177662, -0.061222807, 0.004371171, 0.007586821, -0.0042457148, -0.018924134, -0.030796288, 0.035576843, 0.037003085, -0.034124188, -0.0034698646, -0.020614496, -0.021512501, -0.012585275, -0.009184741, 0.029370043, -0.022621801, 0.0024909733, -0.034441132, -0.008029221, -0.0592155, 0.00046220844, -0.00479046, 0.02204074, 0.008577268, -0.042972177, -0.04202135, -0.060641747, 0.022344476, -0.015081201, 0.009501684, 0.013747399, 0.03000393, 0.015847147, 0.027547622, 0.013476677, 0.053167176, -0.03721438, 0.0053847283, 0.006058232, -7.0930426e-8, -0.021288, 0.0037240793, -0.005728083, 0.034467544, 0.0029284204, 0.020561673, -0.031086817, 0.008478223, -0.03467884, -0.029370043, 0.0021146035, -0.018884515, 0.029422868, -0.02079938, 0.02960775, 0.04577184, 0.07257993, -0.0010639047, 0.03938016, 0.01317294, 0.035365548, 0.0010358421, 0.0075075855, 0.036395613, -0.014632198, 0.0068274788, -0.033384655, 0.019188253, -0.017458273, 0.012836188, 0.001975941, 0.025976114, 0.044741776, 0.018686427, 0.060747392, 0.0068869055, 0.0793942, 0.008656504, 0.0063190493, -0.020786174, 0.069093555, -0.0064048884, -0.008101854, -0.01354931, 0.046643432, -0.039617866, -0.005919569, 0.03652767, -0.005038072, 0.0135757215, -0.026160996, 0.022899127, -0.045270015, 0.0019412754, 0.0012132971, -0.020997468, -0.028656922, 0.008220707, 0.021037087, 0.032011233, -0.031615056, 0.042602412, 0.011040178, 0.023189656, -0.0010787614, -0.039908394, -0.00989126, 0.003299838, -0.04352683, -0.00785094, 0.02108991, 0.0363692, 0.0029779428, 0.0045197383, -0.026042143, -0.030215224, -0.0056851637, -0.01887131, -0.016797975, 0.0037802046, 0.013813429, -0.005302191, -0.028181508, -0.033992127, -0.059955034, 0.00476735, -0.0075736153, -0.023955602, -0.049258213, -0.030796288, -0.000786167, -0.008702724, -0.003299838, 0.016335767, -0.04165158, -0.0155302035, 0.012043831, 0.0008162931, 0.025091315, 0.010604382, 0.019729696, -0.012116464, 0.00033468843, -0.031932, 0.024074456, 0.01955802, 0.021301206, 0.026596794, -0.045402072, 0.038270857, -0.020971056, -0.009660156, -0.02723068, -0.025672376, 0.014579374, -0.04231188, 0.035999432, 0.03787468, -0.030347284, -0.03901039, -0.012723938, 0.03359595, -0.016045235, 0.019003369, 0.011337312, -0.0050347704, -0.017022476, 0.006546852, -0.0058337306, 0.021103116, 0.028392803, 0.021037087, 0.0037901092, 0.023651866, -0.031298112, -0.019637255, 0.04122899, -0.024140486, -0.003189238, -0.011145826, -0.008346164, -0.019320313, -0.018263835, -0.01022141, 0.016309354, 0.007890558, -0.0015665564, -0.015173642, 0.0141171655, 0.0033031395, 0.014764258, -0.07997526, 0.02206715, 0.037689794, -0.010307248, 0.034652427, 0.025329022, 0.010194997, 0.016216913, -0.01323897, -0.017524302, -0.022304857, 0.01720736, -0.00048325543, -0.020007022, 0.039908394, 0.016652709, -0.0069331266, -0.0062332107, -0.057683613, -0.018858103, 0.046062373, 0.029053101, -0.030796288, -0.026874118, 0.04273447, -0.02543467, 0.0154509675, 0.014539757, -0.02468193, 0.014500138, -0.036844615, -0.030056754, -0.012631496, -0.019320313, -0.00024265943, 0.011779712, 0.014869905, 0.02650435, -0.02108991, 0.033912893, -0.010802471, 0.011957992, -0.009171536, 0.0155302035, -0.0036085271, 0.036976673, 0.013298397, -0.0025817642, 0.027838154, -0.009125315, -0.06872379, 0.03510143, 0.0026296359, 0.016573474, -0.012156081, 0.007831131, -0.00013432933, -0.000205105, -0.0034500558, 0.056785606, 0.008689518, -0.01119865, -0.039036803, -0.001210821, -0.03124529, -0.012281538, 0.05863444, -0.046643432, 0.018897722, -0.005153624, -0.0025487493, -0.027943801, -0.002543797, 0.0077981167, -0.0074481587, 0.008035824, -0.01958443, 0.0168508, -0.014222814, -0.08504635, 0.02155212, 0.018356277, -0.009864848, -0.0109147215, -0.032381, -0.03964428, 0.022542566, 0.022806684, 0.012426804, -0.015596233, -0.0025652568, 0.016982859, -0.0037934105, 0.006173784, -0.0042853323, -0.0015104311, 0.01880528, -0.025910083, 0.015649056, -0.015860353, 0.0014873206, 0.0031628262, -0.055887602, -0.01733942, 0.024404604, 0.02530261, 0.0049126153, -0.011046781, 0.01756392, -0.03486372, 0.013404044, -0.046115194, 0.0057677007, -0.016216913, 0.013205955, 0.03650126, 0.0012925329, 0.0068670968, 0.022423713, 0.024021633, -0.005087594, -0.022991568, -0.019650461, -0.015200054, 0.01847513, 0.0091913445, -0.012842791, 0.046828315, 0.025606347, 0.007732087, 0.01102037, 0.010974148, -0.0024843703, -0.014381285, 0.017101713, 0.00445701, 0.00012442486, 0.020997468, -0.006038423, -0.026134584, 0.012294744, 0.039934807, -0.017233772, -0.023295304, 0.008702724, -0.0058469367, 0.0093498165, 0.02539505, 0.0004741763, 0.004466914, 0.03998763, 0.003727381, -0.0034599602, 0.0044702156, 0.057842083, 0.051503226, -0.020482436, -0.01909581, -0.011099605, 0.013120117, 0.03166788, 0.0031100025, -0.013278588, 0.02889463, -0.039195273, 0.021182353, -0.00073747005, 0.0007593424, -0.023493394, -0.008438605, -0.028947454, 0.0156094385, 0.0033873275, -0.022080356, -0.0056851637, -0.03306771, -0.028815394, -0.08435964, -0.014143578, -0.007883955, -0.0064742193, -0.033992127, 0.02579123, 0.006401587, 0.021261588, 0.00898005, -0.02723068, -0.00016878861, -0.005681862, -0.029502103, -0.015569821, 0.037531324, 0.0033378052, 0.026728854, -0.00829334, -0.00079359533, 0.0033906288, -0.00013071833, -0.048492268, 0.0038429329, 0.038614213, -0.021472882, -0.009613935, 0.010927928, -0.010327057, 0.028524863, -0.0048928065, 0.02709862, 0.006573264, 0.04067434, 0.0065270434, -0.0040377206, -0.022938743, 0.01638859, -0.0036019243, -0.0110864, 0.013120117, 0.0026032238, 0.038508564, 0.0465642, 0.0396971, 0.022978362, 0.020073052, -0.03290924, -0.007038774, 0.010538352, -0.0042589204, -0.019597637, -0.0048531885, 0.05752514, -0.024272546, 0.015318908, 0.034599602, -0.0062398138, -0.014698228, -0.028788982, -0.012314553, 0.0010011764, 0.010855295, 0.020456024, -0.005936077, 0.015926382, -0.0017514398, -0.024840401, 0.011693873, -0.047382966, 0.015662262, 0.029660575, -0.015067995, -0.043632474, 0.0067878608, -0.009699774, -0.002840931, 0.02674206, -0.03261871, 0.00048201735, -0.004410789, 0.027758917, -0.0021542215, 0.04566619, 0.05240123, 0.0071378187, 0.009864848, 0.00711801, -0.042787295, 0.023612248, -0.008894211, 0.037953913, 0.008108457, 0.055253714, 0.027574034, 0.040727165, -0.016652709, 0.020244729, -0.0013965297, -0.027574034, -0.014460521, -0.03732003, 0.02676847, 0.01570188, -0.020389995, 0.017458273, -0.004559356, 0.03996122, -0.00048779495, 0.011707079, 0.0025504, -0.0049192184, 0.022806684, 0.013067292, -0.009105506, 0.034229834, 0.025883673, -0.012955042, -0.016243326, -0.012512642, -0.0027336327, 0.03528631, -0.025421463, -0.025421463, 0.044715364, -0.013100307, -0.021050293, 0.005741289, 0.0041763834, -0.0125588635, -0.032962065, 0.05947962, 0.017180948, -0.029026689, -0.008762151, -0.029290808, -0.0049093137, 0.02778533, -0.02226524, 0.044979483, 0.016481033, -0.0018587381, 0.008808372, 0.04186288, 0.019637255, -0.036448434, 0.007969794, -0.056363016, 0.001110951, 0.0018521352, -0.018765662, 0.028392803, 0.023599042, 0.03679179, 0.025751613, -0.01805254, 0.030109577, -0.02095785, 0.019439166, -0.025764817, -0.024510253, 0.016084854, 0.046009548, -0.03124529, -0.00038668688, -0.0072632753, 0.027336327, 0.014024724, 0.019650461, -0.029132336, -0.007243466, 0.0069067143, -0.029211573, -0.012902218, 0.0067812577, -0.042602412, 0.052533288, 0.002608176, -0.028815394, 0.01039969, -0.046326492, -0.055253714, 0.0021740303, 0.004483422, 0.012255127, 0.035682492, 0.022938743, -0.04342118, -0.022212416, 0.020389995, 0.04067434, 0.0088810045, 0.017933687, -0.011205253, -0.0035689094, -0.0070585827, -0.013919077, 0.017379036, 0.0075736153, 0.016652709, 0.0039287717, -0.054144416, 0.010128967, 0.008280134, 0.004668305, 0.05102781, 0.0023605644, 0.04159876, -0.025144137, -0.01576791, 0.022872714, 0.015913175, 0.013536104, -0.027336327, -0.011799521, -0.016982859, -0.023110421, -0.0043051415, -0.01714133, 0.0008600378, 0.014909524, -0.00452304, -0.029422868, 0.0034962767, 0.040198926, 0.022238828, -0.014869905, 0.0021525708, 0.0057115755, -0.0063322554, -0.01971649, 0.019478783, 0.02412728, 0.0041763834, -0.009013064, -0.013245573, -0.0020452724, 0.026596794, 0.014249225, 0.012255127, 0.0058469367, -0.03071705, -0.013245573, -0.033543125, -0.028313568, -0.013998312, -0.01971649, 0.016428208, -0.020007022, -0.03264512, -0.028736157, -0.0016878861, 0.020706937, 0.04661702, -0.010062938, -0.039221685, -0.027943801, 0.031509407, 0.0029234684, 0.014302049, 0.004506532, -0.032539472, 0.00332625, 0.017405448, 0.035788137, -0.0067449417, -0.012968248, 0.029977517, 0.014803875, 0.029924694, -0.0018785471, -0.017709186, -0.014552962, -0.01982214, 0.017814834, -0.010036526, 0.020971056, -0.0011348868, 0.020139081, 0.0053781252, -0.0102016, -0.0027682984, 0.035840962, -0.01472464, -0.01762995, 0.0035986227, -0.046854727, 0.022991568, -0.014130372, -0.0067878608, 0.029026689, -0.0066657057, 0.010881707, -0.012453215, -0.020139081, 0.006662404, -0.01423602, 0.021195557, 0.012103258, 0.055781953, 0.021670973, 0.0057445904, -0.0005695068, 0.0039881985, -0.016626297, -0.031588644, -0.018078953, -0.02233127, -0.0038627419, -0.022595389, -0.025685582, 0.01113262, -0.031588644, 0.020944644, 0.01403793, 0.033516712, -0.020944644, -0.029634163, -0.019756109, 0.010630794, -0.019729696, 0.01909581, 0.0038561388, -0.004328252, 0.01051194, -0.035893787, 0.028260743, 0.03290924, -0.0374785, -0.03224894, 0.035867374, -0.0030588293, 0.0020832394, -0.022318063, 0.018633602, 0.07553806, 0.020640908, 0.007527394, -0.005404537, -0.01002332, -0.0033014887, 0.0031397159, 0.009013064, 0.018633602, -0.0038132195, 0.059268326, -0.010095953, 0.011984404, -0.0048597916, -0.013853047, -0.030056754, 0.08134868, 0.03430907, 0.011548608, 0.028102273, 0.00093927357, -0.019412754, -0.026570382, -0.014183195, -0.03758415, 0.0050347704, -0.011594828, 0.005265875, 0.008663107, 0.023731101, -0.017511096, -0.01991458, 0.003951882, 0.0041268608, 0.013958694, -0.015662262, 0.024180103, 0.026200615, 0.017775215, -0.011991007, -0.0026461433, 0.00235066, -0.005701671, 0.004423995, 0.049126152, 0.0048465854, 0.0059558856, 0.0019643859, -0.034361895, -0.030928347, -0.003763697, -0.010313851, -0.029660575, 0.0036514467, 0.034441132, -0.01368137, -0.001762995, -0.0033526618, -0.027943801, -0.011647652, -0.037267204, 0.02481399, 0.006045026, 0.0014708133, 0.0062860344, 0.022648213, 0.011238268, 0.01687721, 0.016071647, -0.00054433296, -0.029660575, 0.02625344, 0.0032272052, -0.011918374, 0.03916886, -0.015490585, -0.031456586, 0.0063388585, -0.020984262, 0.006606279, 0.014407697, 0.0022252034, 0.025078109, 0.0072170543, -0.0043480606, -0.010644, -0.009719583, 0.008154677, 0.020007022, -0.012043831, 0.018461926, 0.02565917, 0.016705533, 0.032143295, -0.037663385, -0.009541303, -0.004777254, 0.0027550925, -0.032988477, -0.013139925, 0.012426804, 0.040859226, 0.03264512, -0.016679121, -0.02363866, 0.011845741, 0.0055167875, 0.035867374, 0.05197864, -0.02820792, 0.01632256, -0.0052790805, 0.009745995, -0.008748945, -0.008709327, 0.013021071, 0.042813707, -0.010478925, -0.02712503, 0.018303454, -0.03280359, -0.017484684, 0.031218877, -0.007837734, -0.004202795, 0.018858103, 0.0120108165, -0.008055633, 0.008062235, -0.017933687, -0.020640908, 0.024893226, -0.006335557, 0.001197615, -0.021855855, -0.02738915, 0.009006461, -0.005648847, -0.006972744, -0.0156094385, -0.035154253, 0.0144341085, -0.007276481, 0.033094123, -0.020191906, -0.006375175, 0.0100497315, 0.014605787, 0.017616743, -0.026821295, -0.0025553524, -0.01920146, -0.015160437, 0.0040146103, -0.008042427, -0.03911604, -0.0036118287, -0.009990305, 0.005843635, -0.022370888, 0.008082044, -0.019214664, -0.004087243, 0.0330413, -0.013905871, 0.015490585, -0.0075736153, -0.014368079, -0.03224894, 0.004830078, 0.0155302035, 0.011944787, 0.04217982, -0.003707572, 0.036871027, -0.003803315, 0.012301347, -0.016164089, -0.008517841, 0.012565467, 0.014803875, 0.0024249435, 0.0036646526, 0.031879175, 0.03140376, 0.015860353, -0.044424832, -0.0569969, 0.020852203, 0.0341506, 0.009422448, -0.012202302, -0.030400109, -0.016797975, 0.013377632, 0.019993816, -0.014407697, -0.012519245, 0.0038066166, 0.011746697, 0.0047871587, 0.03248665, 0.04077999, -0.01541135, -0.0058865543, -0.026979767, 0.03510143, -0.034177013, 0.022846302, 0.01403793, -0.00485649, 0.04492666, -0.007963191, -0.0002752616, -0.058475967, -0.0003249903, -0.0022004424, -0.028841807, 0.024272546, -0.0016821085, 0.0038231239, -0.023110421, -0.028709747, 0.0078113223, 0.03277718, 0.009250771, 0.024100868, 0.0018504844, 0.003384026, 0.027838154, 0.011126017, 0.014447315, -0.004067434, 0.0012619941, -0.003641542, -0.0062167034, -0.00085260946, 0.0041235597, 0.013905871, -0.017167741, -0.00052080984, -0.0042985384, 0.013232367, -0.008134868, -0.012981454, 0.012598481, -0.0071840393, 0.03251306, -0.013179543, 0.0037868076, 0.005675259, -0.0010886659, -0.05863444, 0.00029280077, -0.029660575, 0.021750208, -0.024946049, -0.04122899, -0.0062034973, -0.01922787, 0.014566168, 0.0008980049, 0.029237984, 0.012142875, -0.032539472, -0.014447315, -0.014486932, -0.01479067, -0.028023036, -0.027706094, 0.026240233, -0.022304857, -0.011192047, -0.018752456, -0.00023254861, 0.035682492, -0.016864005, -0.005186639, 0.035840962, 0.0038528375, 0.017550714, -0.007316099, 0.017379036, 0.0014873206, 0.0034797692, -0.022912333, -0.018012922, -0.011680667, 0.03055858, -0.027574034, 0.00030167354, 0.034916546, -0.006774655, -0.0064048884, -0.0012619941, -0.047409378, -0.019346723, -0.014315255, 0.00044116142, -0.01998061, 0.05631019, 0.02627985, 0.03679179, -0.027045796, 0.017933687, -0.010274233, -0.009230963, 0.004572562, -0.008214104, 0.012202302, -0.008557458, 0.007963191, 0.019610843, -0.033833656, 0.01527929, 0.0015871907, -0.023757514, 0.015147231, 0.007930176, -0.032592297, 0.00439098, 0.031033995, -0.0011084748, -0.013919077, 0.006451109, 0.015807528, 0.059796564, -0.020073052, -0.016494239, -0.0357089, 0.0103666745, -0.012406995, 0.0022516153, -0.018026128, 0.0012058688, 0.025025284, 0.009059285, -0.04495307, -0.0062728287, -0.0026956655, 0.085521765, -0.016177295, 0.018831693, 0.01188536, 0.011053384, -0.026134584, -0.0090923, 0.003164477, 0.041176166, 0.004377774, 0.010327057, 0.0043810755, 0.00053319044, -0.005209749, 0.03916886, 0.0014897968, -0.0067878608, -0.0069199204, 0.020323966, -0.018382689, -0.0036844613, 0.017669568, 0.021750208, 0.042655233, 0.0021278095, -0.00017828039, -0.0181846, 0.026517557, 0.022701036, 0.030479344, 0.035312723, -0.018844897, 0.021169147, -0.012941836, -0.00494563, -0.01410396, -0.01261829, 0.025117727, -0.010135571, -0.00640819, 0.024312163, 0.0078047193, 0.025408257, 0.013153131, -0.009296993, -0.011680667, 0.0014444013, 0.02585726, 0.0033014887, -0.012327759, 0.008022618, -0.03055858, -0.011726888, -0.014011518, -0.0014212909, -0.0403574, -0.009785613, -0.0441343, 0.053959534, -0.010168585, -0.020257935, -0.012189097, -0.023110421, 0.014222814, 0.0041598757 ] } ] | F7: =LEN(E7)-LEN(SUBSTITUTE(E7,",",""))+1 -> 1536
A8: INT-07 | B8: Risk Treatment | C8: Risk treatment actions are planned and tracked to closure | D8: Risk Treatment. Risk treatment actions are planned and tracked to closure | E8: "embedding": [ -0.0008773827, 0.041581277, 0.04437367, 0.032010984, -0.03434644, -0.0051088105, 0.017185912, 0.038560413, 0.022047214, 0.016437043, 0.015815102, -0.013086171, 0.0030716327, 0.0036872285, 0.020257546, -0.03881427, 0.027086215, 0.01496469, -0.04579525, 0.051278498, -0.0030430742, 0.025550399, 0.0037824237, -0.007184067, -0.007069832, 0.004385327, 0.028710881, -0.0135050295, -0.009310094, 0.007050793, 0.09270746, -0.025309239, -0.018379025, 0.011797862, 0.04239361, -0.005261123, 0.004537639, -0.006860403, -0.0022561268, 0.00891662, -0.026933903, -0.02673082, -0.008592956, 0.067220524, -0.019584833, 0.016208574, 0.033635646, -0.0127751995, 0.019813301, -0.014660065, 0.009297401, -0.0058671995, -0.03208714, -0.01211518, 0.0014382412, 0.04297747, -0.021234883, 0.030767098, 0.02075256, -0.01449506, -0.013022708, -0.0037126138, 0.01548509, -0.028025476, -0.043409023, -0.008719883, -0.056254033, -0.014748914, -0.001756352, -0.038839653, -0.008929312, -0.03142712, -0.0014921852, 0.030716328, 0.034904916, 0.03246792, 0.008853156, -0.0039791605, -0.0071459888, 0.020625632, 0.02423036, -0.030817868, -0.025385395, -0.021323731, -0.01647512, -0.05087233, -0.059757218, -0.024154203, -0.04424674, -0.05176082, -0.056964826, 0.03896658, -0.040870484, 0.0022386746, -0.035285696, -0.013911196, 0.012584809, 0.018429797, 0.004842264, -0.008840464, 0.047648385, -0.013898503, -0.0018959716, 0.006060763, -0.005606999, -0.008504107, -0.00047319962, 0.023773422, 0.0009622651, 0.0063844267, -0.03642804, -0.08697036, -0.03124942, 0.06392042, -0.0059084506, -0.007184067, 0.0010233488, 0.0208541, 0.021539507, -0.01018589, -0.046099875, 0.034651063, 0.022174142, -0.047216833, -0.011613818, 0.031071723, 0.019724451, -0.067982085, 0.015878564, -0.037189603, -0.0030700462, 0.017795162, -0.003477799, -0.031985596, 0.013720806, 0.021399887, 0.024522291, 0.06260038, -0.055289388, -0.018137865, 0.022529537, 0.023989197, 0.0014588669, 0.037011907, -0.053512413, -0.037824236, -0.00858661, 0.03091941, 0.03934736, -0.013086171, -0.044195972, 0.026832363, -0.023062631, 0.048359178, 0.023748036, -0.053817037, 0.007990053, 0.041048184, -0.011391696, -0.04074356, -0.018201327, 0.044500597, 0.005714887, -0.010826871, 0.026654664, -0.05275085, -0.004950152, 0.037773468, -0.046379115, 0.034803376, 0.049907684, 0.011213998, -0.04046432, -0.015599325, -0.08057324, -0.0192929, -0.018747114, 0.046658356, -0.016246652, 0.012451536, -0.03472722, 0.023456104, -0.049171507, 0.027923934, -0.0084152585, -0.0052960278, -0.015675481, -0.0113663105, -0.014786992, 0.01939444, -0.009233938, 0.022427997, 0.03830656, 0.013162327, -0.02761931, -0.004353595, -0.022034522, 0.05077079, -0.007101564, 0.03196021, -0.065798946, -0.043891348, 0.041758973, 0.017845932, -0.02992938, 0.008510454, -0.04107357, 0.037291143, -0.0002839991, -0.0034714527, 0.017566692, 0.005937009, 0.014076201, -0.012280185, -0.0044551366, -0.0007290368, 0.032061752, 0.062092673, 0.021095263, 0.051303882, 0.035818793, -0.01910251, 0.0041822437, 0.04617603, -0.0059655677, 0.093062855, 0.03142712, 0.018810578, -0.030792484, -0.06041724, -0.021945674, 0.0035698211, -0.004112434, -0.011486891, -0.01223576, -0.009792416, -0.017528614, -0.056050953, 0.03678344, -0.047775313, 0.039753526, 0.04978076, -0.043586724, -0.04145435, -0.00077941094, -0.006476449, 0.03741807, -0.035260312, -0.005768831, 0.020346394, -0.008738922, -0.0066700126, -0.023329178, -0.01117592, 0.018937504, 0.0012351581, 0.030894024, -0.03015785, -0.020930259, -0.010725329, 0.038103476, -0.064072736, -0.0051246765, -0.032239452, -0.079659365, 0.005844987, 0.054883223, -0.011150534, -0.007780623, -0.03025939, -0.022783391, 0.0067144367, -0.0023957465, -0.02499192, -0.040134307, -0.01397466, 0.05853872, -0.017300146, -0.011613818, -0.010452436, 0.034955688, -0.041962057, 0.030513244, -0.04008354, 0.03586956, 0.008351794, -0.0056577697, 0.01858211, 0.02386227, 0.020536784, -0.042418994, 0.008205829, -0.013581186, -0.033381794, -0.023760729, -0.000055877616, -0.011277461, -0.07077448, -0.04259669, 0.0030097559, -0.004712164, 0.0398043, 0.004604276, -0.0066890516, 0.04706452, -0.0020165523, 0.017769776, -0.055289388, -0.020156004, -0.0063653877, -0.0077108135, -0.05219237, 0.0521416, -0.023164172, 0.015662787, -0.03970276, 0.042139754, -0.017338224, 0.046658356, -0.014698143, -0.006720783, -0.050745405, 0.021399887, 0.007888512, 0.04724222, 0.0013263868, -0.022986475, 0.012400765, 0.014774299, -0.01882327, -0.00076433836, -0.011512277, 0.011975559, -0.041403577, -0.020917565, 0.023456104, 0.022707235, -0.045947563, 0.019737145, -0.03830656, -0.014482368, -0.019965613, -0.01849326, -0.0005545122, 0.004023585, -0.007850433, -0.019445213, 0.011163227, 0.05777716, 0.016995521, -0.029954765, -0.037773468, -0.0039030043, 0.031173265, -0.033864114, 0.013187712, 0.016551277, -0.020701788, -0.02282147, 0.0017611118, -0.033635646, -0.015218544, -0.035031844, -0.0059116236, 0.020917565, 0.045896795, -0.0062511535, -0.031274807, 0.018226713, -0.021920288, 0.06346349, -0.008561225, -0.04531293, 0.02678159, -0.04455137, 0.033381794, 0.058386408, 0.028863193, 0.06564663, 0.021095263, 0.032620233, 0.0017722178, -0.05163389, 0.009068932, 0.03378796, 0.033001013, 0.0064669293, 0.029243974, -0.010890334, -0.03797655, -0.016030876, -0.008865849, -0.014507753, 0.010769754, -0.009830494, -0.01571356, -0.0017960167, 0.093621336, 0.031046337, -0.003896658, -0.005752965, -0.025804253, -0.060011074, 0.008294677, 0.008059863, -0.037341915, -0.0028812422, -0.009081624, 0.0070571396, 0.007844087, 0.019686373, -0.017465152, 0.0385858, 0.0074379207, 0.011125149, -0.0073300325, 0.035031844, -0.026502352, -0.025956566, 0.022707235, -0.005902104, -0.023608416, -0.0055435356, -0.0002713064, -0.03196021, 0.015269315, 0.037824236, 0.03048786, 0.0053975694, -0.046150647, 0.02772085, 0.05059309, -0.039550446, -0.013619264, -0.037341915, 0.020981029, -0.00046883652, -0.017807854, -0.055695556, 0.027111601, -0.03168097, 0.013708113, -0.02527116, 0.035057228, -0.025068076, -0.0192929, 0.0018801058, -0.036732666, -0.003582514, -0.020333702, -0.034676448, 0.011544008, 0.00505804, -0.033407178, -0.036961135, -0.048079938, 0.058081783, -0.010833217, 0.010795139, 0.035641093, 0.03881427, 0.05777716, 0.049044583, -0.0010439743, 0.013238483, -0.0342449, 0.0142538985, 0.0020149658, -0.0036364577, -0.00022747694, 0.023418026, 0.02494115, 0.024141511, -0.03396566, 0.046836052, 0.028863193, -0.011740745, -0.047749925, -0.013581186, -0.019267514, 0.0054864185, 0.020511398, -0.0025655115, 0.019635603, 0.042901315, 0.07062217, 0.0012415044, -0.0022275683, 0.0120326765, 0.026908519, 0.01463468, 0.012559424, 0.018455181, -0.013340025, 0.015053539, -0.04018508, 0.021184111, 0.008599303, 0.034194127, -0.015332778, 0.02301186, -0.010414358, 0.008884888, 0.011880364, 0.009233938, 0.048689187, 0.025385395, 0.02066371, -0.002920907, 0.074379206, 0.0016786092, 0.0049247667, -0.030792484, -0.005844987, -0.039981995, -0.032264836, -0.038382716, 0.008231214, -0.0033096208, -0.008161404, -0.024852302, -0.0025607517, -0.00239416, -0.006784247, 0.0028875887, 0.0016690897, 0.0017452459, 0.04579525, -0.003274716, -0.02772085, 0.043688264, -0.012432497, 0.024814224, 0.011398043, -0.0408451, 0.0048581297, -0.025017306, -0.012216721, -0.045490626, 0.016792439, 0.004753415, 0.024699988, 0.0008932486, 0.002229155, -0.005213525, -0.017947474, -0.0022164623, -0.012527692, 0.026527736, 0.0077869697, 0.027847778, -0.017579386, -0.026857747, -0.03373719, -0.012514999, -0.02860934, -0.0024417576, -0.03307717, -0.0048168786, -0.022872241, -0.026273884, -0.0009820975, -0.00785678, -0.07077448, -0.015472398, 0.0042108023, -0.0049247667, -0.014431597, 0.013213098, 0.023367256, -0.04873996, 0.020600248, -0.03307717, 0.007120603, 0.01496469, 0.023951119, 0.020003691, -0.06656051, 0.012686351, 0.011924789, -0.017642848, -0.0014104759, -0.006549432, -0.017388996, -0.060264926, 0.042038213, -0.013746191, 0.019039046, -0.035742637, -0.014469675, 0.03576802, -0.030132463, 0.01524393, 0.0045471587, 0.0036872285, -0.0238115, 0.011918442, -0.013733499, 0.020866795, 0.018340947, 0.027238527, 0.0047978396, 0.0077298526, -0.025372703, -0.010408011, 0.073211476, -0.059351053, -0.008224868, -0.015078925, 0.009665489, 0.0073617646, -0.016297422, 0.018252099, 0.023786115, 0.011759784, -0.026273884, 0.0029431193, -0.00239416, -0.001277996, 0.019787915, -0.029853225, 0.014139664, 0.0072348374, 0.022364533, -0.014406212, 0.050288465, -0.033280253, 0.005349972, 0.00272893, -0.011150534, -0.039601214, 0.0017642849, 0.0067461687, -0.0017738044, -0.0031033645, 0.014050816, -0.0112965, 0.015789716, -0.02367188, -0.014076201, 0.029421672, -0.0120707555, -0.020130618, -0.017820546, 0.020435242, -0.020930259, 0.018797884, 0.04442444, -0.009830494, 0.021298345, -0.028964736, -0.051557735, -0.007101564, -0.0050167884, 0.011087071, -0.012857703, 0.011074378, 0.00785678, 0.021336423, 0.042469766, -0.0057561384, 0.058487948, -0.026172342, 0.021120649, -0.007774277, 0.046099875, -0.01524393, 0.008681805, 0.046607584, -0.0107761, -0.058944885, 0.035971105, 0.009202206, 0.0044741756, -0.011804208, 0.0075838864, 0.022313762, -0.0076536965, -0.013987352, 0.022808777, -0.014533138, -0.022859547, -0.025943873, 0.001016209, -0.0035380893, -0.020816023, 0.03218868, -0.024522291, 0.010661866, 0.017249376, 0.015193159, -0.037773468, -0.011423428, -0.026248498, 0.020016383, 0.004620142, 0.021869518, 0.028837807, -0.015992798, -0.06625588, 0.0040362775, 0.031503275, 0.023798807, -0.00024552437, -0.020701788, 0.0006036964, 0.048359178, 0.03421951, 0.023379948, -0.015383549, 0.017046293, 0.010192236, 0.0019277034, 0.007184067, -0.031274807, 0.023494182, 0.0061464384, -0.0013017948, 0.002694025, -0.019432519, -0.0007163441, 0.011436121, -0.03713883, 0.007266569, -0.018505953, 0.0648343, -0.0030525937, 0.021450657, 0.024141511, -0.024141511, -0.014418904, -0.030614786, -0.0011494824, -0.006079802, 0.01444429, 0.048816115, -0.038128864, -0.029751683, 0.0057815234, 0.015307393, -0.0048327446, -0.02508077, 0.0014437943, -0.020549476, 0.02268185, 0.013454259, 0.016551277, 0.053715494, 0.017325532, -0.021120649, 0.004007719, 0.0098939575, 0.0004605069, -0.026096186, 0.0149900755, -0.00006415762, 0.011785169, 0.012299224, -0.013822347, -0.048257634, -0.027162371, -0.0013668449, 0.017922089, 0.010338202, 0.0005608586, -0.024103433, -0.00021994064, 0.03627573, -0.012324609, 0.0056704623, 0.0056863283, -0.027213143, -0.029142432, 0.011829594, 0.06645896, 0.024699988, -0.003312794, 0.0075648474, -0.023519568, -0.021120649, 0.028634725, -0.030411702, -0.030944796, 0.011055339, -0.06645896, 0.031782515, -0.01717322, -0.014076201, -0.049755372, 0.024636526, -0.013784269, 0.0019467424, 0.029294746, -0.05011077, 0.007945629, -0.054781683, -0.01628473, -0.04873996, -0.016221266, -0.020384472, -0.017985553, 0.01967368, 0.019242128, -0.0068667494, -0.0142792845, 0.04198744, -0.011042646, 0.011271115, -0.019356363, -0.015269315, -0.037392687, 0.0036713628, -0.0035031845, 0.029675527, -0.01317502, 0.0021228536, 0.0031287498, 0.015078925, -0.017807854, -0.009240284, 0.041936673, -0.015155081, 0.011531316, 0.013543108, 0.007755238, 0.034092586, 0.00085755036, 0.061635736, 0.035285696, 0.029040892, 0.012381726, 0.011359964, 0.023519568, -0.010833217, 0.012083448, 0.023303792, 0.03190944, 0.022999167, 0.0015334365, 0.042850547, 0.025029998, -0.0075648474, -0.00969722, -0.024649218, 0.00078972377, -0.018988276, -0.0076156184, 0.0075648474, 0.023963813, 0.030310161, -0.025956566, 0.03317871, 0.016348194, 0.022440689, -0.015738945, -0.013847733, -0.026578508, 0.0029621583, 0.016868595, 0.0010677732, -0.008332755, -0.021996444, -0.013378103, -0.035108, 0.038611185, -0.024344593, -0.0036713628, 0.021107955, -0.011163227, -0.0455414, 0.059097197, 0.016030876, -0.002947879, 0.007336379, -0.0011058513, 0.0008559638, 0.015878564, 0.0072538764, 0.040591247, 0.0013811241, 0.040591247, 0.018848656, 0.0063939462, 0.026832363, 0.0052389107, 0.031452503, -0.01812517, 0.043231327, 0.013327332, 0.038382716, -0.010928412, 0.03970276, -0.025728097, -0.021767976, -0.035108, -0.012832317, -0.002078429, -0.018328255, 0.017706312, -0.012832317, -0.0024988747, 0.00785678, 0.01096649, 0.022427997, 0.021666434, -0.0091450885, -0.008015438, -0.0055308426, -0.017528614, 0.039169665, -0.016195882, 0.028101632, 0.014203128, 0.0017738044, -0.017617464, -0.012768853, -0.027797006, 0.020968337, -0.0075585013, -0.023468798, 0.008142365, -0.0120644085, 0.0149900755, -0.0034809723, 0.011607472, 0.0142665915, -0.0029193202, 0.07092679, 0.023786115, -0.0019673682, 0.03241715, -0.029802453, 0.008929312, 0.042571306, -0.014761607, 0.012039023, 0.01218499, 0.011544008, 0.005407089, 0.013327332, 0.006495488, -0.009227591, 0.0023037246, -0.03713883, 0.013746191, -0.023113402, -0.01769362, 0.026324654, 0.032823317, 0.009392596, 0.010858603, -0.023075324, 0.07036831, -0.037341915, 0.01812517, -0.014190435, -0.0023624282, 0.010325509, 0.03726576, -0.06432659, -0.009824147, -0.00065486383, 0.023887657, -0.0061813435, -0.0043631145, 0.009011815, -0.012451536, 0.010058963, -0.029980151, -0.015637403, -0.022631079, -0.021399887, 0.029066276, 0.036402654, -0.0091514345, 0.054375514, -0.021260267, -0.0069492515, -0.019280206, -0.0035603016, 0.028482413, 0.046328343, 0.014241206, -0.019178666, -0.028482413, -0.0014382412, -0.0057973894, 0.03957583, 0.023748036, 0.008478722, 0.017084371, -0.014812377, -0.0065240464, -0.0066573196, 0.037570383, -0.011791516, -0.017274762, -0.045160618, -0.004045797, 0.03317871, 0.019191358, 0.02094295, -0.009671835, 0.011429774, -0.009208552, -0.013454259, 0.0083708335, 0.024839608, 0.02447152, -0.052344684, 0.009963768, -0.015738945, -0.027466998, -0.042850547, -0.039042737, -0.039042737, 0.000126332, -0.035844177, -0.022427997, -0.016881287, 0.014241206, -0.001010656, 0.0038554068, 0.010338202, -0.011753438, 0.013708113, 0.007222145, -0.0040489705, -0.015256622, 0.015967414, -0.042088985, 0.0012764094, 0.0042615733, 0.0684898, -0.0038078092, -0.0037633847, 0.020029075, 0.022097986, 0.0026273883, -0.03548878, -0.014583909, -0.0034714527, 0.0044297515, 0.035057228, 0.010680905, -0.022224912, -0.035590325, 0.013251176, 0.04046432, 0.021514121, 0.020333702, -0.0418859, -0.012546731, 0.020244852, -0.014774299, 0.017845932, 0.010401665, -0.0057973894, 0.0029494655, 0.026223112, 0.015840486, -0.03140173, -0.013187712, -0.002359255, -0.003969641, 0.028787037, -0.027238527, 0.001581034, 0.005175447, -0.0045947563, 0.016005492, -0.006444717, 0.035311084, 0.015345471, -0.0152947, 0.021019107, -0.025588477, 0.017795162, -0.0008400979, -0.009709913, 0.013885811, 0.018277483, -0.029497828, 0.024547676, -0.030564016, -0.021590278, 0.0052198716, 0.022745313, -0.010757061, 0.0019515022, -0.045947563, -0.009557601, -0.0039569484, 0.036326498, -0.0037887702, 0.026248498, 0.021564893, 0.013746191, 0.00036035362, -0.003143029, 0.014139664, -0.0060702823, 0.0071332958, -0.031071723, 0.010757061, 0.013441566, -0.0050516934, 0.023874963, -0.009335479, 0.005045347, 0.023265714, -0.018201327, -0.0098876115, -0.021247575, -0.027060831, 0.010795139, -0.023836885, 0.025778867, -0.0013914369, -0.0010130359, -0.01774439, -0.03297563, 0.019800607, 0.0077108135, -0.00785678, -0.014393519, 0.023976505, -0.023887657, 0.00024354113, -0.028685495, 0.009640103, 0.062143445, 0.0120771015, 0.007951975, 0.0022830989, -0.021323731, -0.028913964, 0.015700866, -0.0063336557, -0.00532776, -0.006111534, 0.02640081, -0.024966536, -0.01812517, 0.008085248, -0.007590233, 0.0030161021, 0.057523303, 0.0016738494, -0.011683628, 0.022897625, -0.021590278, 0.012223068, -0.009538562, 0.001102678, -0.05054232, -0.017757084, -0.013238483, 0.021514121, -0.0023798808, -0.0120326765, -0.009957421, 0.022732621, -0.008345448, -0.014050816, 0.014190435, -0.043916732, 0.010078002, 0.002797153, -0.012553077, -0.026933903, 0.018544031, 0.009614718, 0.028583955, -0.018366333, 0.02037178, 0.008243907, 0.015992798, 0.009405289, -0.05483245, -0.008440644, -0.0032651965, -0.009208552, -0.013327332, 0.008231214, -0.0077869697, -0.015155081, -0.007837741, 0.003085912, -0.009424328, -0.019775223, -0.036224958, 0.006241634, -0.018353641, 0.0033730844, 0.016500507, 0.0149900755, 0.024116125, 0.007780623, 0.0034619332, -0.0006140092, -0.014038123, 0.009779723, -0.01548509, -0.040312007, 0.028482413, -0.0017119276, -0.012102487, -0.011962867, -0.012470575, -0.00698733, 0.023316484, -0.005280162, 0.026096186, -0.010979183, 0.0018452009, -0.0059814337, 0.0017452459, 0.010782447, 0.03462568, 0.0015421627, 0.004962845, 0.016728975, 0.0073427255, 0.020308316, -0.043079015, -0.022288376, -0.0065811635, -0.020359086, 0.026146956, 0.01117592, 0.010471475, 0.03957583, 0.041302036, -0.01604357, -0.01661474, -0.0085168, -0.006190863, 0.01011608, 0.040794328, -0.06925136, 0.015675481, -0.013466951, 0.018670958, -0.014177742, 0.014507753, -0.003601553, 0.015472398, -0.017008213, -0.032645617, 0.01915328, -0.07118065, -0.0021466524, 0.0025797908, 0.006279712, 0.011962867, -0.013060786, -0.013111556, 0.0041822437, 0.0071459888, -0.0041949362, -0.020333702, 0.032010984, 0.01322579, -0.011429774, -0.011658242, 0.0063971193, 0.009912997, -0.007082525, -0.0054927645, -0.026629278, -0.013263868, 0.019077124, 0.014063508, 0.028507797, 0.0142665915, 0.01717322, 0.024141511, 0.02541078, 0.020727174, -0.029573984, 0.014710836, 0.01496469, -0.015282008, 0.033864114, -0.0105730165, 0.0076917745, -0.012419804, -0.027390841, 0.017338224, -0.02216145, -0.0013628784, 0.004331383, -0.003150962, -0.008954698, -0.009703567, 0.019838685, -0.019381749, -0.03274716, -0.015053539, 0.03130019, -0.003177934, 0.0045312927, 0.007082525, -0.017046293, 0.030817868, 0.013441566, -0.017566692, -0.02838087, -0.017300146, 0.008459683, 0.015345471, 0.004845437, 0.010319163, 0.03335641, 0.06686513, -0.010877642, -0.011391696, -0.024547676, -0.009690874, -0.0003815742, -0.0034492405, -0.002701958, -0.03312794, 0.0059846067, -0.004620142, 0.021425273, -0.022593, 0.009233938, 0.023405334, -0.0069429055, -0.012419804, 0.024725374, 0.011785169, -0.017922089, -0.019864071, -0.003385777, -0.0037792507, 0.012990976, 0.030894024, -0.009278362, -0.01211518, 0.02860934, 0.023303792, 0.023126094, -0.03561571, -0.01637358, 0.031731743, 0.015332778, 0.023709958, 0.004423405, -0.011499584, -0.021590278, -0.02761931, -0.024103433, 0.0091323955, -0.011537662, 0.004969191, 0.022326455, -0.013073478, 0.026375424, 0.021095263, -0.019838685, -0.013873118, 0.0033762574, -0.0047280295, 0.0015802408, -0.043739036, -0.00816775, -0.0015001182, -0.009792416, 0.0022228085, -0.011207651, -0.023265714, -0.0045630247, -0.032036368, -0.012400765, -0.0055118036, -0.016957443, -0.006663666, -0.006860403, 0.020765252, -0.00018682063, -0.03538724, -0.044449825, -0.040388163, 0.0071142567, -0.047749925, -0.018721728, -0.053867806, -0.0073617646, 0.023176866, -0.017350918, 0.007888512, 0.025398087, -0.06366657, -0.021285653, -0.0014556937, -0.020435242, -0.032010984, -0.048790727, 0.012768853, -0.006809632, -0.005422955, -0.008205829, -0.018734422, 0.023506876, -0.013466951, -0.04259669, 0.019978305, -0.0070190616, -0.032010984, 0.0023640147, -0.01839172, -0.0098558795, 0.028736267, 0.013352717, 0.012768853, -0.0048137056, -0.00012593536, -0.026426196, -0.009360864, 0.025804253, -0.014951997, 0.013619264, 0.027035445, -0.0071459888, -0.0031826939, -0.025144232, -0.012362687, -0.038382716, 0.018950198, -0.010439743, 0.017845932, -0.011651896, 0.008922966, 0.0028685497, -0.035590325, 0.00052000396, -0.012007291, -0.0052198716, -0.012286531, 0.010877642, -0.03741807, -0.04018508, 0.0062701926, 0.013593879, -0.0098685725, -0.00063106505, 0.0023782942, -0.034854148, -0.0073046475, 0.008827771, 0.0015270901, 0.008504107, -0.03295024, 0.011080725, 0.024433441, -0.017642848, -0.004366288, -0.033991043, 0.011137842, -0.004680432, 0.014342748, -0.037849624, -0.01562471, 0.001029695, 0.027086215, 0.002701958, 0.0026353213, 0.01595472, 0.08798578, -0.013441566, -0.018594801, 0.0021736245, 0.00658751, 0.0042679193, -0.014368134, 0.0077108135, 0.03703729, 0.02108257, -0.014101586, 0.022872241, 0.020600248, 0.011258422, 0.018835962, -0.00057513785, -0.020295624, 0.007913897, 0.012641926, 0.0018198155, -0.021488735, 0.019216744, 0.009824147, 0.07158681, -0.010014538, 0.036453426, -0.027365455, 0.017515922, 0.021945674, -0.014418904, 0.0062543266, 0.0024766626, 0.017147833, -0.0044297515, -0.017947474, -0.023214944, 0.010204929, 0.042901315, 0.020181388, 0.011518623, -0.0012764094, 0.0023132442, 0.002240261, 0.016018184, -0.014939304, -0.007285608, -0.007901204, 0.02926936, 0.00059378025, -0.018417103, 0.010769754, -0.020105232, -0.007679082, 0.010211275, -0.012813278, -0.04899381, 0.0061242264, -0.031985596, 0.055797096, -0.021120649, -0.021602971, -0.013809655, -0.008015438, 0.013568494, -0.02800009 ] } ], | F8: =LEN(E8)-LEN(SUBSTITUTE(E8,",",""))+1 -> 1537
A9: INT-08 | B9: Security Objectives | C9: Security objectives are defined, owned, and measured | D9: Security Objectives. Security objectives are defined, owned, and measured | E9: "embedding": [ 0.022183232, 0.01392035, 0.050321694, 0.008473796, 0.02898212, 0.0033932403, -0.017667182, -0.027592566, 0.031488277, -0.024639763, 0.0385353, -0.010210738, -0.010216941, -0.07032134, 0.022468586, -0.040445935, -0.017245354, 0.03439145, 0.018758975, -0.010006027, 0.047889974, 0.027145922, -0.0056357565, 0.02712111, -0.06466387, 0.028659545, 0.03394481, 0.009528368, -0.0021262032, 0.008641287, 0.042604707, -0.0381631, -0.013994791, -0.0028271833, 0.013870723, 0.0007428529, -0.026426332, -0.025657116, -0.0131511325, 0.018076604, 0.0061940593, -0.00182534, -0.04004892, -0.01790291, -0.013262793, -0.005815654, 0.0014314264, -0.035383992, -0.020582763, -0.038187914, -0.02669928, 0.02575637, 0.028039208, -0.0013461302, 0.014205704, 0.035706565, -0.005260453, -0.0066313967, -0.03436664, 0.061338868, 0.012729304, -0.008659896, -0.038212724, 0.008269085, 0.041810676, -0.025855623, -0.04391982, -0.01725776, 0.016401695, 0.0009305047, 0.020570356, 0.022840789, -0.0063212286, -0.00628711, -0.011122633, -0.0073571904, 0.012195814, 0.031389024, -0.0047517773, -0.03071906, 0.0068050907, -0.008752948, -0.01607912, -0.051463112, -0.036128394, -0.034565147, -0.042828027, -0.007797629, -0.0252601, -0.013821096, -0.05776573, 0.043721315, -0.012580424, -0.03910601, -0.025098814, -0.05583028, -0.004283423, 0.02575637, -0.03173641, 0.014205704, -0.025954878, -0.040346682, -0.04225732, -0.041388847, -0.021041812, -0.001439956, 0.049478035, -0.02999947, -0.012487372, -0.016947592, -0.024379222, -0.027716633, 0.026500773, 0.012108968, 0.03451552, -0.026302265, -0.042282134, 0.005068149, 0.040148176, -0.029006932, 0.017667182, 0.010917922, 0.01589302, -0.06406835, 0.052406024, 0.026078945, -0.021339575, -0.05101647, -0.008790167, 0.01334964, 0.045607135, -0.028733984, 0.032282308, -0.022667093, 0.028733984, 0.043622058, -0.00918098, -0.050222438, -0.024490884, -0.008244271, 0.0045625744, 0.012754117, 0.017270166, 0.05044576, -0.027716633, -0.07806314, -0.02522288, 0.0518105, -0.014912888, 0.01915599, 0.025632301, -0.035855446, -0.0346644, 0.034565147, 0.04161217, -0.037989404, 0.035905074, 0.025359355, 0.0048169126, 0.038138285, 0.024863085, 0.018188264, -0.014242925, -0.016203187, 0.03439145, -0.0045315577, 0.028709171, 0.00942291, -0.061140362, 0.018684534, -0.0017881198, -0.03235675, 0.0035204093, -0.036649477, -0.033274848, 0.012940219, 0.019652259, 0.024379222, -0.015694512, -0.050470572, 0.007654952, -0.038212724, -0.002166525, -0.022406552, 0.031339396, 0.01923043, -0.023721665, 0.0035793413, -0.011848426, 0.014888075, -0.040098548, 0.053646695, 0.042158064, -0.00864749, 0.060147822, -0.03243119, -0.014515873, 0.006687227, -0.016488543, -0.03200936, 0.009267827, -0.058807895, 0.053795576, -0.03121533, -0.010396839, -0.0064452956, 0.01740664, -0.02927988, -0.030173166, -0.007214513, 0.00017098023, -0.019999648, 0.016451323, -0.025086407, -0.009336064, -0.020570356, 0.006383262, 0.011290124, -0.024416443, -0.021389201, -0.003954645, 0.0543911, 0.06257954, 0.004695947, -0.0038615945, 0.074887015, -0.0027263786, 0.0100308405, 0.015868206, -0.09374525, -0.047815535, -0.015409158, -0.044788294, -0.0026860568, -0.06555716, 0.0004985954, 0.022431366, -0.033101153, -0.0059893485, -0.011767782, -0.016525762, -0.018684534, -0.030396486, -0.0048355227, -0.0028271833, 0.008858404, 0.039627094, 0.056624312, -0.02575637, -0.0052480465, -0.02328743, 0.003455274, 0.011742969, -0.009528368, -0.00042803216, -0.033771116, 0.014652347, -0.026724095, 0.00023417702, -0.008163627, -0.0019850766, -0.0033808337, -0.054291844, -0.015843393, -0.01877138, 0.05044576, 0.006200263, -0.07136351, 0.007654952, 0.0050836573, 0.03508623, 0.006705837, 0.021835843, -0.03674873, -0.056723565, -0.01130253, 0.0048851497, 0.010855888, -0.023250211, 0.008752948, -0.029875403, -0.0105581265, 0.057021327, -0.0060141617, 0.036326904, 0.017915316, -0.0017338403, -0.0054713674, 0.0037964592, 0.056425802, 0.016054308, 0.043150604, -0.016699458, 0.024515696, -0.05195938, -0.028287342, 0.024565324, -0.039056383, -0.014230519, 0.0017617556, 0.055780653, 0.042083625, -0.02632708, 0.00046912945, -0.026203012, -0.03357261, 0.036277276, 0.01323798, -0.02112866, -0.04615303, 0.025805997, -0.06898142, 0.022592654, -0.0052759615, -0.05860939, -0.056773193, 0.012840965, 0.06436611, 0.00213861, -0.009478741, -0.015123802, -0.04714557, 0.010570534, -0.029503202, 0.01794013, 0.024627358, -0.015198243, 0.051463112, 0.004565676, -0.012741711, 0.02999947, -0.023882953, 0.01535953, -0.04061963, -0.017133692, -0.028461037, 0.04391982, 0.022927634, 0.021811029, -0.025272507, -0.0031885293, -0.04764184, -0.023299837, 0.0008258229, 0.058063492, -0.0054651643, -0.056673937, 0.0057443157, 0.05468886, 0.01191046, 0.054738488, -0.01638929, -0.043622058, 0.048138108, -0.052505277, -0.038212724, -0.013436488, -0.000622275, -0.007127666, 0.039924853, -0.006054484, -0.0013344988, 0.02291523, 0.027145922, -0.02741887, 0.004742472, -0.0066376003, -0.01392035, -0.032331936, -0.01130253, -0.021513268, 0.00019550291, -0.031463467, -0.0030830721, -0.014503466, 0.07870829, 0.00041252375, 0.043299485, 0.013287607, -0.026153386, 0.035632126, 0.015136209, -0.0043609655, -0.018684534, 0.06004857, 0.0056047398, 0.028808424, 0.008864608, -0.03379593, -0.008014747, 0.0052294363, 0.025830809, 0.013051879, 0.047294453, -0.035185482, -0.01607912, 0.047542587, 0.05056983, 0.015185837, 0.0094911475, -0.0061320257, 0.010372026, -0.0029946743, -0.015582852, -0.056425802, -0.043175418, -0.029379135, -0.009795113, -0.0074502407, 0.025632301, 0.012952625, 0.021997131, 0.0304213, 0.000059125818, 0.0061940593, -0.00798373, 0.030694248, -0.043622058, 0.02905656, 0.007828646, 0.027170736, -0.028237715, 0.004119034, 0.028361782, 0.035607312, 0.01911877, -0.03173641, -0.024441255, 0.055383638, -0.051760875, 0.015483598, 0.005086759, 0.008058171, -0.02590525, -0.014776414, 0.016277628, -0.00870332, -0.0061351275, -0.016352069, 0.028436223, 0.0055396045, -0.015570445, -0.0028395902, 0.014304958, -0.08074299, -0.0021897876, -0.03424257, -0.011457615, 0.026227824, -0.044738665, -0.02848585, -0.01961504, 0.01790291, 0.009106539, -0.03151309, -0.032034174, 0.03272895, -0.019553006, -0.031761225, 0.042306945, 0.024044242, 0.05632655, 0.038882688, 0.04255508, 0.02575637, -0.008300101, -0.005331792, 0.011414191, -0.04327467, 0.011941477, -0.015421564, 0.04722001, 0.01740664, -0.03602914, 0.023200583, -0.0030241401, 0.020297408, -0.04396945, -0.008058171, 0.011532054, -0.033522982, -0.018448805, -0.025123626, 0.019354498, -0.010105281, 0.04771628, 0.023510752, 0.010806261, 0.02188547, -0.0020160936, 0.013808689, -0.015793767, 0.094340764, -0.013051879, 0.0013414776, -0.056078415, 0.005859078, -0.044316836, -0.0006067666, 0.003055157, 0.079750456, 0.008783964, -0.03449071, 0.06754223, -0.009577995, 0.04439128, -0.027542938, -0.033250034, -0.023672039, 0.024887899, -0.0013197658, 0.027939953, -0.0342922, 0.013113912, 0.004928573, -0.040743697, 0.007413021, 0.025297321, -0.02435441, 0.01056433, -0.01133975, -0.053944457, 0.04312579, -0.030570181, 0.0016144256, 0.006507329, -0.028709171, 0.01805179, 0.016054308, 0.0037716457, 0.0055396045, -0.033398915, -0.020731645, 0.016947592, -0.0023123042, -0.012518389, 0.0015353328, -0.0027496414, -0.005815654, 0.029255068, 0.021835843, -0.017158506, 0.037195373, -0.01600468, -0.020347036, -0.013697029, -0.035756193, -0.0070532253, 0.007884476, -0.0009653986, -0.023411497, -0.028163275, -0.033547796, -0.001943204, 0.02999947, 0.015744139, -0.00466493, 0.002881463, 0.0025526844, 0.043150604, -0.0038895095, 0.011556868, 0.018783787, -0.03387037, -0.0047579804, 0.0042399997, 0.047021504, 0.017791249, 0.011662325, 0.015768953, -0.029602455, 0.016228002, 0.0078410525, 0.045234933, 0.0062126694, 0.024887899, -0.0130394725, -0.014838448, -0.002918683, -0.0126238465, -0.0017260861, -0.026426332, -0.016128749, -0.021600116, -0.026773721, -0.0107938545, 0.011693342, 0.036326904, 0.016141154, -0.016190782, 0.025309727, -0.025731556, -0.0037158153, -0.011259107, 0.0019307972, -0.0119166635, 0.041388847, 0.008008543, -0.008684711, 0.014156078, 0.017803656, -0.010644973, -0.004909963, -0.029006932, 0.018920261, 0.018175857, -0.018250298, -0.03315078, 0.0021711776, 0.0039608483, 0.0049347766, 0.017009625, 0.024987152, 0.012220628, -0.061735883, 0.0018734161, 0.014156078, 0.004187271, -0.018374365, -0.011488631, -0.06262917, 0.011637512, -0.0024565323, 0.021103846, 0.012927812, 0.008064374, -0.013188353, -0.015756546, -0.020768864, 0.0070408187, -0.018064197, -0.0071400725, 0.0144538395, -0.02177381, 0.047964413, 0.049775798, -0.031264957, 0.030173166, 0.00048735182, -0.01119087, 0.047989227, 0.027691819, 0.0026736502, -0.048311803, 0.01805179, -0.05841088, -0.024168309, 0.024031835, -0.02813846, 0.008548236, -0.038138285, 0.02465217, 0.02848585, 0.010707007, 0.013287607, 0.006705837, -0.0068485145, 0.03359742, -0.020198155, 0.044788294, -0.04270396, 0.044887546, 0.004999912, 0.039924853, 0.024279969, 0.023734072, -0.035111044, -0.025309727, 0.04786516, -0.022505807, -0.088435166, 0.01836196, -0.016885558, 0.021637335, -0.026550401, -0.0063026184, 0.027542938, -0.031438652, -0.006169246, 0.046822995, 0.042604707, 0.013362047, -0.014280145, -0.009546978, -0.031488277, -0.012369509, 0.037071306, -0.010192128, 0.0020052376, -0.017394233, 0.030272419, 0.00429583, 0.011482428, 0.004354762, -0.001488032, 0.004177966, 0.025880437, 0.014193298, -0.0024751425, -0.053100802, -0.02457773, 0.036575038, 0.004919268, -0.012214425, -0.018870635, 0.021935096, 0.0064452956, 0.0011491732, 0.0133868605, 0.0051487926, -0.009162369, 0.00013182149, -0.011575478, 0.019342091, 0.01926765, -0.011079209, 0.018597687, -0.00803956, 0.03923008, -0.015334717, -0.004022882, -0.022257673, -0.066202305, 0.0024146596, 0.036922425, 0.0019261447, -0.00040166784, 0.032555256, 0.0024673883, -0.03416813, -0.002236313, 0.025533048, -0.0075805113, 0.0068050907, -0.026376706, 0.013684622, -0.026897788, 0.03903157, -0.030992009, 0.02385814, 0.01115365, 0.027964767, -0.017232947, -0.010154908, 0.032977086, -0.004854133, -0.03128977, 0.03550806, 0.017543115, 0.027592566, -0.038212724, 0.008970065, -0.019044328, -0.004857234, 0.012518389, 0.01679871, 0.0065755663, 0.04183549, -0.013597775, -0.0041283392, -0.00011689465, -0.0088522015, -0.0173322, -0.024193121, 0.0041035255, 0.018200671, -0.019093957, 0.03565694, -0.0020393562, 0.030396486, -0.003034996, 0.025074, -0.047095943, -0.026947416, -0.0012778931, 0.030322045, -0.021227913, -0.020979779, -0.022964856, 0.029552829, 0.013585368, -0.0048386245, 0.034317013, 0.02002446, -0.013659809, 0.008058171, 0.014205704, -0.00022642281, -0.009137556, -0.030917568, -0.004618405, 0.016711865, -0.013523335, -0.003359122, -0.011345954, -0.04119034, -0.019317277, -0.08377024, -0.014329772, 0.022468586, 0.030470926, -0.03178604, -0.007295157, 0.02059517, -0.016091527, -0.008939048, -0.03967672, 0.0076859687, -0.041016646, -0.014826042, 0.014962515, 0.048783258, -0.042232506, 0.017456267, -0.00991918, -0.010403043, 0.0079651205, 0.026004504, -0.032828204, -0.04047075, 0.03923008, 0.022158418, -0.019366903, -0.017803656, 0.053894833, 0.014466246, -0.03344854, -0.0009902121, 0.0058807894, 0.010800058, 0.019292464, -0.013659809, -0.038932316, -0.0021913385, 0.01945375, 0.011197073, 0.00058660563, 0.004695947, -0.03588026, 0.026724095, -0.0031652667, 0.0025837014, -0.028733984, -0.0004485808, 0.022170825, -0.0008025603, 0.007487461, 0.00097392825, -0.014168484, -0.008461389, -0.007704579, -0.0059986534, 0.01657539, -0.011333547, -0.017084066, -0.019143583, -0.032902647, -0.024863085, 0.019590225, 0.015161023, -0.03406888, -0.037021678, -0.0036630868, -0.008932845, 0.017555522, -0.01961504, 0.028858053, 0.04076851, 0.017654775, 0.007177293, -0.007506071, -0.0103782285, 0.011079209, -0.0059490264, 0.00044392826, 0.027468499, 0.024143495, 0.029503202, 0.016141154, 0.050644267, 0.05419259, 0.008244271, -0.0017819165, -0.0049937083, 0.00401978, 0.013647402, -0.020074088, 0.026252639, -0.025284914, 0.008529626, 0.024801051, 0.013734249, 0.02575637, 0.017530708, -0.033175595, 0.00059784926, 0.00857305, 0.0124439495, 0.008163627, -0.026252639, 0.003951543, -0.01449106, 0.026227824, -0.011327344, 0.0007727066, -0.009063115, 0.024751425, 0.01268588, -0.006668617, 0.016699458, 0.0022673297, 0.022394147, 0.033349287, 0.037766084, 0.0031389024, 0.0024348206, -0.041165527, -0.008585457, 0.0013267446, -0.013535742, 0.025483422, 0.025880437, -0.012530796, -0.0096710455, 0.007561901, -0.05553252, -0.038932316, 0.023882953, 0.010967548, -0.037344255, -0.0186225, -0.014974922, -0.026947416, 0.01908155, -0.038361605, -0.045582324, -0.012741711, 0.025805997, 0.019366903, 0.036326904, 0.038981944, 0.0003950768, 0.012642457, -0.022257673, -0.008988675, 0.015520818, -0.025210474, 0.0075681047, 0.028957305, 0.0039856615, 0.015582852, -0.06233141, 0.032456003, -0.031835668, 0.011829816, -0.00859166, 0.015433971, -0.017766437, 0.0106139565, -0.06486238, 0.009590401, 0.014081637, 0.0058249594, 0.0064887195, -0.007779019, 0.020433882, -0.006860921, 0.025297321, -0.04099183, 0.008932845, -0.0112467, 0.0045067444, 0.009714468, 0.012505983, -0.024267562, -0.020036867, 0.0016966201, 0.014391806, -0.030992009, -0.040644445, 0.021041812, 0.075234406, -0.005434147, -0.01467716, -0.02605413, 0.0028566495, 0.012778931, 0.06327432, -0.00665621, 0.03071906, -0.017952537, -0.060296703, -0.023299837, -0.0011243598, -0.0029791659, -0.014776414, -0.018982295, -0.046599675, 0.014615127, -0.004137644, -0.00067228964, 0.007102852, 0.0032133427, 0.0099564, -0.011687139, -0.044961985, 0.018374365, 0.001117381, -0.028188089, -0.020545544, -0.010930329, 0.00990057, -0.029155813, -0.005074352, 0.024044242, 0.03034686, 0.0064390926, 0.028436223, -0.012729304, -0.023647226, -0.014590314, -0.0109055145, 0.008008543, 0.029875403, -0.021736588, 0.0011204827, 0.0068112942, -0.005049539, 0.021103846, 0.025408981, 0.0013678418, 0.0026410825, -0.011271513, 0.0047517773, 0.009627622, 0.027443685, -0.0069229547, -0.036426157, 0.01786569, -0.030545367, -0.011091616, -0.015880613, 0.003728222, 0.018883042, 0.00429583, -0.010006027, -0.0112094795, 0.023361871, 0.008188441, 0.022828382, -0.003523511, -0.00043850034, -0.003551426, -0.02332465, 0.006556956, 0.0055302996, 0.006240585, 0.015483598, 0.017282574, 0.015421564, 0.036351714, -0.0224934, 0.008678507, 0.025036778, 0.032679323, 0.010539516, -0.0433243, -0.017580334, -0.0025821505, 0.00431444, -0.0035111043, 0.0073820036, -0.0036630868, 0.01063877, -0.008114001, 0.007673562, -0.02813846, -0.05503625, 0.018634908, 0.017766437, 0.0019307972, 0.043423552, -0.00008587783, -0.00025472566, -0.014304958, 0.025731556, -0.019776326, 0.020371849, 0.017059252, -0.008641287, -0.02094256, -0.011656122, -0.036847986, 0.03136421, -0.019466158, 0.034763657, -0.016786305, -0.023436312, -0.0010677541, -0.032927457, 0.050917216, 0.014118858, -0.04153773, -0.0012887489, 0.024664577, -0.00003518471, -0.010421652, 0.021389201, -0.07429149, 0.044738665, 0.030098725, -0.03359742, -0.042455826, -0.012462559, 0.0006668617, 0.021339575, 0.016786305, 0.00083900505, -0.0008971616, -0.002605413, -0.01320076, -0.02275394, 0.022952449, 0.007127666, -0.037071306, -0.047095943, 0.0039360346, 0.00042105338, -0.0038584927, 0.028858053, -0.018151045, -0.013014658, 0.048832886, 0.013002252, -0.030694248, 0.008287695, -0.017307388, -0.059899688, -0.05920491, 0.019069143, -0.0049161664, 0.039279703, 0.01248117, 0.0036041548, 0.010074264, 0.018535653, -0.01794013, 0.057815358, 0.02632708, 0.009162369, 0.005068149, 0.025607489, -0.005645062, 0.017505895, -0.004882048, -0.01900711, -0.025632301, -0.024441255, -0.00068547175, -0.028361782, -0.0068361075, 0.0022037453, -0.008939048, -0.017505895, 0.017443862, 0.009261623, -0.00076029985, 0.02264228, -0.003504901, -0.01392035, -0.012766524, -0.028212901, -0.02245618, -0.004872743, 0.025098814, 0.02302689, 0.008535829, -0.046822995, 0.020086495, -0.030793501, -0.01194768, 0.043671686, 0.0066624135, -0.00875915, 0.005381419, 0.0011817409, -0.012989845, -0.03387037, 0.0058745863, -0.021401608, -0.016066713, -0.026997043, 0.000758749, 0.0424062, 0.0072393264, 0.039726347, -0.041661795, -0.027567752, 0.0043888805, -0.003582443, -0.010080467, -0.004860336, 0.0017322896, -0.0016268323, -0.018920261, 0.010260365, -0.0041965763, 0.015086583, -0.00003673555, -0.021674555, 0.0032071394, 0.022828382, 0.030545367, -0.01257422, 0.008145018, 0.026798535, -0.006823701, -0.00564196, 0.02166215, 0.018572873, 0.013969976, 0.033200406, 0.02605413, 0.014156078, 0.011352157, -0.020173341, -0.000051662395, -0.002079678, 0.025508234, 0.0011902705, 0.0052728597, 0.0009653986, -0.019900393, -0.00016681234, -0.022691907, 0.0022657788, -0.00019889537, -0.00018707021, 0.0034986977, -0.008790167, -0.020136122, 0.0076425453, -0.0057164, -0.002088983, -0.038088657, 0.009950196, 0.006346042, 0.026575213, -0.04255508, -0.0045160493, 0.032307122, -0.024627358, -0.012412933, 0.03766683, -0.00363207, 0.025582675, -0.0103782285, 0.015285091, 0.0060575856, -0.0062529915, -0.016587798, 0.0044447104, 0.012474966, 0.0029636575, 0.0027651498, -0.049403597, -0.032083802, 0.0037809506, -0.027369244, -0.024528103, -0.037766084, -0.01320076, 0.024974745, -0.00006251828, -0.0011429699, 0.032133427, 0.004878946, 0.0035545279, 0.019131176, 0.019404124, -0.005213928, 0.023808513, 0.0076859687, 0.018026978, -0.011693342, -0.0049937083, 0.007270343, -0.005651265, -0.009373284, -0.055929534, 0.0057257055, -0.00197267, -0.005263555, -0.012704491, -0.032877833, -0.0023464225, 0.02374648, -0.008157425, -0.0022285588, 0.009149963, 0.019813547, 0.021649742, 0.0028783611, 0.03694724, 0.014342179, 0.0037158153, -0.00040554497, 0.019590225, 0.02310133, -0.008461389, 0.015744139, 0.010272772, -0.034689214, 0.0068795313, 0.012580424, -0.016761491, -0.008107797, -0.0070656324, -0.029155813, 0.029304694, 0.017344607, -0.011197073, -0.002752743, -0.0041438476, 0.013300014, -0.0004865764, -0.024788644, -0.022977263, -0.0010375127, 0.014255332, 0.0047517773, 0.027567752, 0.03672392, 0.01908155, 0.0018005265, 0.014317365, 0.036550224, 0.005964535, -0.026773721, 0.012965032, 0.024639763, -0.014168484, 0.015533225, 0.007605325, 0.024019428, -0.032307122, 0.03838642, -0.018572873, -0.024602544, 0.022021944, -0.024850678, 0.016029494, -0.033622235, 0.019739106, -0.0013476809, 0.0056760786, 0.046301913, 0.013684622, -0.003874001, 0.002195991, 0.02813846, -0.0053255884, 0.0062716017, -0.000047954916, -0.011470021, 0.034565147, -0.0019013312, -0.030297233, -0.007859663, 0.013746656, -0.017964944, -0.025024373, -0.00730136, -0.02142642, -0.014788821, -0.016835932, -0.0009506656, -0.015161023, 0.0022704315, 0.01657539, 0.0070532253, 0.041736238, -0.007388207, -0.042083625, -0.02518566, -0.02776626, 0.02321299, -0.009950196, -0.010824871, 0.0008475347, -0.010241754, -0.007202106, 0.026748909, 0.025036778, -0.005564418, -0.0059614335, -0.020967372, 0.025954878, 0.016029494, -0.03458996, -0.045011614, -0.004091119, -0.00532869, -0.027542938, -0.02898212, -0.0038895095, -0.021141067, -0.016153561, 0.00923681, 0.012599033, -0.005006115, -0.022654688, -0.011259107, -0.011017175, 0.013089099, 0.0042120847, -0.046128217, -0.014478653, -0.040148176, -0.009317454, -0.006910548, -0.009249217, 0.001786569, 0.024776237, 0.0424062, -0.01334964, 0.011085412, 0.04146329, -0.0064887195, 0.015657293, -0.018684534, 0.04642598, 0.0078038326, 0.000020754616, 0.020495916, 0.040123362, -0.0009785808, -0.0017664081, -0.010161111, -0.007078039, 0.019515784, -0.006668617, -0.006699634, -0.0014973371, -0.026848162, 0.021860657, 0.011147446, 0.011290124, -0.0018455009, 0.038684182, -0.010465076, 0.006941565, 0.028113648, 0.015446378, 0.0051798094, -0.032977086, 0.007859663, 0.0326297, -0.000040879204, -0.031389024, -0.025098814, -0.020483509, 0.017667182, -0.032282308, 0.0024053545, 0.016835932, 0.020619983, 0.007989934, -0.016277628, 0.0026907094, 0.004373372, 0.0654579, 0.009826129, -0.0014035113, 0.011352157, 0.029652083, -0.019044328, 0.0067802775, 0.011823613, 0.011711952, 0.028088834, -0.0002165362, 0.024949932, -0.027939953, 0.034838095, -0.0105022965, 0.023920173, 0.019590225, 0.013510928, 0.041959558, -0.0049409796, -0.01980114, -0.005369012, 0.028436223, 0.02719555, 0.012766524, -0.0025232185, 0.017729215, -0.008740541, -0.0197267, 0.037989404, 0.0023448719, 0.0034769857, 0.017282574, -0.018374365, 0.031016823, -0.060892224, 0.021748995, -0.005592333, -0.02116588, 0.004497439, 0.03151309, -0.012400526, 0.008635083, -0.0017648572, 0.0022316603, -0.0129154045, -0.011259107, 0.0054930793, 0.014280145, -0.018349553, 0.012940219, -0.0061165174, -0.013783876, -0.016153561, -0.010415449, 0.012251645, -0.0012693634, 0.010663584, 0.051562365, -0.0009343818, -0.027493311, 0.015558038, -0.010862092, 0.02999947, -0.04188512 ] } ], | F9: =LEN(E9)-LEN(SUBSTITUTE(E9,",",""))+1 -> 1537
A10: INT-09 | B10: Resource Management | C10: Resources for security and operations are planned and provided | D10: Resource Management. Resources for security and operations are planned and provided | E10: "embedding": [ 0.02663014, 0.070058145, 0.07709916, 0.009040166, 0.008109746, -0.035934344, 0.026026625, 0.042623315, -0.02136195, -0.027510269, -0.01137879, 0.01655897, 0.010882147, -0.04300051, 0.029748308, -0.033067644, -0.00988886, 0.017891733, -0.0063306307, -0.0036965352, -0.0021028758, 0.017476816, -0.041315697, 0.004714968, -0.035355978, 0.06588382, 0.002778688, 0.017325938, 0.0003111879, -0.010768988, 0.060753938, -0.04473562, -0.00948023, 0.010303778, 0.0653306, -0.0012368934, 0.011152471, -0.025523696, -0.016747568, 0.016144052, -0.046998806, -0.023009045, -0.027937759, 0.032464128, -0.009323064, -0.006123172, -0.028088639, -0.011517096, 0.034350116, -0.00644379, -0.021537976, -0.01953883, 0.001544938, -0.0359092, -0.008600103, 0.03181032, 0.0009571386, -0.014170052, -0.027485123, 0.030200943, 0.033193376, -0.016722422, -0.012076606, -0.01042951, 0.01841981, -0.014710701, 0.009876288, -0.022656994, 0.0023056197, -0.021512829, -0.014924446, 0.021299085, 0.0067329747, -0.024706434, 0.038172383, 0.036286395, -0.0039039939, 0.019928599, -0.029899186, -0.010863287, -0.019073619, -0.003702822, -0.007311344, -0.052958526, 0.00031138436, -0.0696558, -0.07362895, -0.0238766, -0.03583376, -0.0017743998, -0.007770268, 0.046923365, 0.020016612, 0.044685327, -0.032564715, -0.020192638, 0.0052336147, 0.015553109, -0.0021405956, 0.09092974, -0.04108938, -0.079261765, -0.018407237, -0.03145827, -0.0057931244, -0.019865733, 0.03181032, -0.011932014, 0.0012596824, -0.016433237, -0.0653306, -0.06693998, 0.011617682, 0.028541274, 0.026152357, 0.0064815097, 0.018394664, -0.0019174204, 0.009700262, 0.0072736247, -0.017942026, 0.0130887525, 0.015565682, -0.045137964, -0.0016518106, -0.009681402, -0.024593275, -0.0466719, -0.029094499, -0.0007111744, 0.03455129, -0.013340217, 0.037744895, -0.054517608, -0.016634408, -0.013352791, 0.011825141, 0.009756841, -0.01644581, -0.013704841, 0.06628617, -0.0020525828, 0.019702282, 0.045917504, -0.027535416, -0.04194436, -0.08248051, 0.008191472, 0.0032596148, 0.016420662, -0.037971213, -0.03289162, -0.033067644, -0.027661148, 0.016382944, -0.045364283, -0.02879274, 0.0012777564, 0.031835467, 0.016232064, 0.025083631, 0.014672982, -0.033369403, 0.009492803, 0.033847187, -0.049890652, -0.019186778, 0.010479803, -0.08685601, 0.03173488, 0.0060414462, 0.0031684588, -0.040536154, -0.016433237, -0.015603402, 0.013767708, -0.0071101724, 0.065028846, 0.04853274, -0.039253682, -0.002527223, -0.017036753, -0.055171415, 0.01784144, -0.041919213, 0.02175172, -0.036437277, -0.0050481595, -0.012120612, 0.04976492, -0.0050450163, 0.04295022, 0.035632588, -0.016672129, 0.008681828, -0.0348279, -0.031106219, -0.015012459, 0.02577516, -0.010398077, -0.00027798666, -0.0003738577, 0.079714395, -0.002047868, -0.023373669, 0.020268077, -0.05471878, 0.02383888, 0.014698128, 0.015766853, 0.025146497, -0.003025438, 0.032690447, -0.04113967, -0.00845551, -0.014484383, 0.0007052807, 0.06920316, -0.02821437, -0.05155032, -0.008097173, 0.015100472, 0.029547134, 0.036462422, 0.012617256, 0.090678275, 0.037091084, 0.0061671785, 0.016194345, -0.08916948, -0.028189225, -0.023599988, -0.04740115, 0.00021178066, -0.018985607, -0.017099619, 0.005727115, -0.032992207, 0.013465949, -0.029396256, 0.03253957, 0.0050575896, -0.05200296, 0.016219491, 0.03115651, 0.006028873, 0.051952664, -0.001001145, 0.017011605, -0.010102605, -0.0043880637, -0.012598395, 0.023776013, -0.0046646753, 0.0065695224, 0.00500101, -0.02743483, 0.004168032, -0.026554702, 0.011982306, -0.025926039, 0.028516129, -0.023826307, 0.024115492, -0.022669569, 0.02743483, 0.006846134, -0.02778688, -0.026328383, 0.0033350543, 0.012566962, 0.027258804, 0.018067759, -0.031609148, -0.055624053, 0.021651134, 0.05894339, -0.020607555, -0.06251419, 0.043704614, 0.026604995, -0.04659646, 0.0524053, -0.028113784, 0.012321784, 0.03045241, 0.01691102, -0.00085576676, -0.0055542327, 0.05421585, 0.037719745, 0.033017352, 0.001453782, -0.01613148, -0.01946339, -0.044509303, 0.025724867, -0.025586562, -0.02484474, -0.004350344, 0.034702167, 0.043528587, 0.017904306, 0.003844271, 0.02341139, 0.008298344, 0.05708255, -0.041818626, -0.003935427, -0.0055730925, -0.020092051, -0.013830574, 0.013038459, -0.0022600414, -0.0796641, -0.014698128, 0.04315139, -0.011762274, 0.0075439494, -0.049865507, 0.016923593, -0.06442533, 0.019589122, -0.06729203, 0.03460158, -0.011674262, 0.00007691292, 0.015565682, 0.0024297803, -0.04408181, 0.005598239, -0.0066198157, 0.009486516, -0.014044319, 0.007839421, -0.033545427, 0.05441702, 0.0018341227, 0.058188997, -0.05844046, -0.00403287, -0.055070832, -0.040611595, -0.0021673138, -0.0159806, 0.0024140638, -0.053612333, -0.0015582971, 0.062564485, 0.05200296, 0.035783466, 0.007254765, -0.05220413, 0.005026156, -0.04337771, -0.025410537, 0.07020902, -0.035783466, -0.030402116, 0.026931899, -0.034626726, 0.027183365, -0.00446036, -0.003825411, 0.016709847, 0.030552994, 0.0017523966, 0.035029072, 0.01540223, -0.052757353, 0.008876714, 0.030024918, -0.025096204, -0.01784144, -0.034148943, 0.043830346, 0.03719167, 0.059697784, -0.0060257297, 0.014295784, 0.04400637, -0.020720715, 0.0041114525, -0.010963873, 0.027057631, 0.023637708, -0.04113967, -0.008141179, 0.010278631, -0.04091335, 0.0139563065, 0.0027818314, 0.007116459, 0.034500994, -0.043930933, -0.02922023, 0.009825994, 0.027082779, 0.003451357, -0.025800306, 0.03935427, -0.0017885447, -0.01877186, 0.061860386, -0.0005551875, -0.042774193, 0.009040166, -0.0018686991, -0.030050065, -0.035205096, 0.024983047, -0.053813506, 0.035557147, 0.013553962, 0.0069781533, -0.0069404333, 0.043352563, -0.0005614741, -0.032690447, 0.014446663, -0.03897707, 0.027937759, -0.030930193, 0.026579848, -0.030955339, 0.008757268, 0.0033884905, 0.005667392, 0.027610855, -0.033293962, 0.02398976, 0.044106957, 0.028692154, 0.05019241, -0.022971326, 0.019136485, -0.004340914, -0.019061046, 0.0055102264, 0.027988052, 0.043025658, 0.0027299668, -0.021776868, 0.03741799, -0.0040454427, -0.0040454427, 0.037443135, -0.028189225, -0.025976332, 0.020242931, 0.048507594, 0.02944655, 0.055473175, 0.010624396, -0.013025886, -0.0247693, 0.065481484, 0.016345223, -0.030527849, 0.05778665, 0.04237185, 0.0287173, 0.017250497, 0.018708995, 0.0121897645, -0.037091084, -0.025133925, -0.013063606, -0.02577516, -0.00016689024, 0.052103546, 0.03352028, 0.007254765, -0.040435567, -0.0061043124, -0.029823747, 0.002029008, -0.05019241, -0.0067581213, 0.02557399, 0.02663014, -0.0062646214, -0.0210099, 0.0072107585, 0.036135517, 0.06025101, 0.037870627, 0.034425557, 0.049714625, 0.04279934, -0.017501963, 0.031558856, 0.0076948283, -0.013377937, -0.007851994, -0.050997097, -0.005104739, -0.021940319, 0.006594669, 0.031986345, -0.00931049, 0.017703135, -0.019614268, -0.0060445894, 0.00946137, 0.046797633, -0.041642603, 0.025184218, 0.007833134, -0.030251237, -0.012164619, 0.048080105, 0.006783268, 0.06633646, -0.020079479, 0.008310918, -0.019375376, -0.02132423, -0.016936166, -0.0015166481, -0.007814274, -0.037091084, 0.01834437, -0.008084599, -0.015804574, -0.020582408, -0.034651875, 0.003025438, 0.015150765, -0.01718763, 0.007908573, -0.04493679, -0.014610115, 0.024630995, 0.008832707, 0.030477555, -0.0006133388, -0.014886727, -0.022116344, -0.0034104937, 0.024429822, 0.010115179, -0.016885873, -0.010416937, -0.038675316, -0.0016769571, -0.034073506, -0.03749343, 0.019186778, 0.017049326, -0.0037059651, -0.031081071, -0.044911645, -0.000094544936, 0.0009319921, 0.007940006, -0.0029169938, -0.026655288, 0.037971213, 0.013616828, -0.0024596418, 0.004557803, 0.011133612, -0.03238869, -0.034350116, 0.02700734, 0.0013241203, -0.018231211, -0.0028588425, -0.0056013823, -0.012566962, 0.02642897, 0.00083297776, 0.014949593, 0.008002873, 0.02577516, 0.0021547405, -0.049639188, -0.0019755717, 0.008719549, -0.013239631, -0.00550394, -0.014798714, -0.027610855, -0.02275758, -0.0027079636, -0.0037782614, 0.0077451216, -0.011353644, -0.00295157, 0.03238869, 0.0128750065, 0.025536269, -0.0094487965, -0.021651134, -0.017640268, -0.004592379, 0.0063180574, -0.012265204, 0.020456675, -0.019186778, 0.021651134, -0.0038819907, -0.0028635575, 0.0024564986, 0.024329238, -0.014811288, -0.048482448, -0.03827297, -0.005246188, -0.012786995, -0.010228338, 0.018231211, -0.012076606, -0.02627809, -0.00017317686, 0.00090605975, -0.01331507, -0.018180918, 0.011825141, 0.0005783695, -0.012610969, -0.019614268, 0.0026953903, -0.0042717615, 0.009021306, -0.0071730386, -0.007946294, -0.027937759, -0.0057334015, -0.025662001, -0.027812026, 0.031055925, -0.011334784, -0.05119827, 0.0031558855, -0.018407237, 0.014735848, -0.016772714, 0.0007807202, 0.07604301, 0.011183905, -0.040184103, -0.068398476, 0.064877965, -0.027082779, 0.02445497, 0.0438052, 0.024102919, 0.0030961626, -0.034500994, -0.014962167, 0.019589122, 0.020444103, -0.01044837, -0.012359504, -0.0036871054, -0.015578255, 0.00084162183, 0.029899186, -0.03734255, 0.02663014, -0.02020521, 0.023738295, 0.015075326, 0.035381123, -0.008543523, 0.0045735193, 0.01091358, 0.0038505576, -0.049312282, 0.007059879, 0.009354497, -0.012076606, -0.011385077, -0.016772714, 0.016923593, 0.013327644, -0.015578255, 0.020444103, 0.014999886, 0.0016360941, -0.0049287137, 0.0042529013, 0.021487683, -0.032489274, 0.052807644, -0.0039857198, 0.012346931, 0.002153169, -0.008889287, -0.008241764, 0.034073506, -0.0045955223, 0.038147237, 0.008914433, 0.021185925, 0.0068209874, -0.040963646, -0.049739774, 0.006846134, 0.062413607, 0.02236781, 0.0009013448, -0.014157479, 0.009291631, 0.0008982015, -0.015050179, 0.037518576, 0.015578255, 0.008398931, -0.028616715, -0.03173488, 0.01244123, 0.03382204, -0.004560946, 0.040460717, 0.015213631, 0.042396996, 0.008178898, -0.0219026, 0.0076256753, -0.03495363, -0.034576435, -0.019878307, 0.033721454, 0.060703646, -0.002610521, 0.0003007757, -0.021726575, 0.007028446, -0.0020950176, -0.012724128, -0.0022066052, 0.031332538, -0.0028918472, -0.016156625, 0.03145827, -0.014270637, -0.012799568, -0.0139563065, -0.018797006, -0.029471695, -0.029698014, 0.0056611053, 0.022732435, -0.023939466, 0.031483416, -0.012566962, 0.028415542, -0.07131547, 0.009580816, -0.0034073505, -0.034928486, 0.011642829, -0.015490243, 0.024316663, 0.016999032, -0.04473562, -0.026529556, -0.020104624, 0.019211924, 0.0018498392, -0.031860612, 0.013239631, -0.0010655829, -0.044207543, 0.0020730144, 0.009687688, 0.01000202, 0.013151619, 0.024404677, -0.006217472, 0.005095309, -0.005667392, 0.025448255, -0.015578255, -0.04179348, -0.016508676, -0.008518376, -0.0017948312, -0.008499516, 0.013805428, 0.027736587, -0.022845594, 0.01877186, 0.009241338, 0.012560676, -0.007701115, -0.038675316, -0.03226296, 0.00046599604, -0.00041609595, -0.027485123, 0.0010231482, -0.026579848, -0.014232918, -0.07559037, -0.04214553, 0.0005508655, 0.018394664, -0.0019268504, 0.0017225351, 0.037367698, 0.024794446, 0.024392104, -0.033570576, 0.019501109, -0.019651989, -0.036361836, -0.015062752, 0.0050575896, -0.011366217, 0.012730415, 0.012900153, -0.020607555, -0.009191045, -0.0010978018, -0.034425557, 0.00010795313, 0.038675316, -0.015804574, -0.029572282, 0.02356227, -0.009046453, 0.008348637, -0.0038662741, 0.006909, 0.03382204, 0.024102919, 0.046621606, -0.03165944, 0.005676822, -0.012799568, 0.03734255, 0.015942879, 0.015301644, 0.020305797, 0.0018136912, 0.036638446, -0.025297377, -0.00043652748, 0.014308358, -0.0041303122, -0.013729988, -0.004589236, 0.029044205, 0.039630882, 0.000111784044, -0.0017256784, -0.0060257297, -0.009429936, 0.03862502, -0.019513682, -0.009517949, -0.009876288, 0.0025020766, 0.011102179, -0.0034293537, -0.029572282, -0.020330943, -0.022191785, 0.010718695, -0.009574529, 0.0050575896, -0.021839734, 0.062011264, 0.0035582294, 0.051500026, -0.007518803, 0.015942879, -0.004557803, 0.008222905, -0.011284491, 0.022707287, 0.028817886, -0.002454927, 0.048230983, -0.03324367, 0.020821301, 0.029547134, 0.0071416055, -0.023109632, 0.002311906, 0.010592963, 0.020104624, 0.0059440034, 0.053109404, -0.020771008, 0.020192638, 0.011177618, 0.026529556, 0.041039083, 0.007858281, -0.033897478, -0.016320078, 0.00200229, 0.010643255, -0.033369403, -0.012447516, -0.030351823, 0.027334243, -0.0042403284, -0.03606008, 0.00007367138, -0.003765688, -0.00899616, -0.0023464826, 0.020620128, 0.024706434, 0.0168733, 0.0159806, 0.029597428, -0.012057746, 0.008285771, -0.021273937, -0.0326653, 0.012912727, -0.0057931244, -0.00010726553, 0.008072026, -0.018708995, -0.0046772487, 0.0038694174, 0.030678727, 0.006494083, -0.025976332, 0.00849323, 0.017049326, -0.026604995, 0.030527849, -0.009593389, 0.0072736247, 0.007399357, -0.004029726, 0.004089449, 0.012416083, 0.0087635545, 0.0070787393, 0.02182716, 0.052153837, -0.014786141, 0.026906753, -0.015251351, 0.04860818, -0.010882147, 0.012114326, 0.019865733, -0.023788586, 0.015050179, 0.010077459, -0.03993264, 0.04058645, -0.04005837, 0.028893325, -0.0065380894, -0.015590829, 0.0042434717, 0.03696535, -0.02663014, -0.005425357, 0.009285345, -0.005324771, 0.005529086, 0.015553109, 0.010724981, -0.05235501, 0.0018749858, -0.053914092, -0.0022018903, 0.030653581, 0.00082276197, 0.011089605, 0.01888502, -0.013516243, 0.017690562, 0.026504409, 0.00006664804, 0.00064830814, -0.011020453, 0.072371624, 0.041969504, 0.0074245036, -0.03633669, -0.0033570575, 0.009109319, -0.010259771, 0.009819708, -0.003533083, 0.01000202, 0.024404677, -0.026604995, 0.0022176069, 0.011089605, -0.023097059, 0.006399784, 0.006252048, -0.04129055, -0.0040422995, 0.019136485, 0.008883, -0.001320977, 0.003181032, -0.000057218105, -0.010140325, -0.020682994, -0.014584969, 0.028993912, 0.029069351, -0.009304204, -0.021211071, 0.037619162, -0.005679965, -0.0021673138, -0.013113899, 0.005535373, -0.005563663, 0.0025948042, 0.016898446, -0.02685646, -0.0012824713, 0.030100359, 0.024027478, -0.0042246114, -0.0099517265, -0.00987, 0.025599135, -0.003944857, 0.04279934, 0.002084016, -0.017854014, -0.0043849205, -0.023197645, 0.0027535416, -0.013755134, -0.03799636, -0.0003377096, -0.01862098, 0.0089773, -0.010768988, -0.02821437, -0.004655245, -0.03907766, 0.006525516, 0.0028965622, 0.009574529, -0.006270908, -0.027233656, 0.020884167, 0.025687147, -0.0036965352, -0.0056013823, -0.010366644, 0.0014192055, -0.036940206, -0.011447943, -0.012284065, -0.013843147, 0.004510653, 0.02434181, 0.068348184, 0.025611708, 0.023776013, -0.0067266882, 0.0019315653, 0.0287173, -0.02929567, -0.016093759, -0.012736701, -0.009920293, -0.00396686, 0.0046143825, 0.015553109, 0.030578142, -0.022682142, 0.002687532, -0.027837174, -0.012975593, 0.005415927, -0.0073867836, -0.0135288155, 0.020657849, 0.051374294, 0.021047618, -0.012522956, 0.007657109, 0.020268077, -0.012548102, 0.021663709, 0.0038002646, -0.030578142, 0.007537663, -0.035280537, 0.015012459, -0.019010752, 0.023046765, -0.006217472, 0.016081186, -0.008505803, 0.008336064, 0.035054218, 0.0006054805, -0.004812411, 0.011799994, -0.004532656, -0.02016749, -0.01787916, -0.024027478, 0.0072736247, 0.014723275, 0.037669454, -0.0076948283, -0.024756728, -0.0029311387, 0.008933294, -0.01385572, 0.008160039, -0.015314218, 0.004812411, 0.05356204, -0.017426522, 0.013051032, 0.015050179, -0.02212892, -0.03352028, -0.03512966, -0.005906284, -0.017967172, 0.038650166, -0.013880867, 0.011573676, -0.0045829494, 0.0126612615, 0.004054873, -0.04264846, -0.007380497, 0.019337658, -0.027233656, -0.009599675, 0.014346077, 0.008449223, 0.02054469, 0.035381123, 0.008606389, 0.051852077, -0.002718965, 0.0058056978, 0.06583353, 0.0297986, 0.0047023953, 0.02929567, 0.005868564, 0.004922427, -0.0031873186, -0.0142454915, -0.024706434, -0.024945326, -0.028063491, 0.0033444841, -0.022594128, -0.010152899, -0.014698128, -0.00047817637, -0.02139967, 0.017112192, 0.029521989, 0.004117739, 0.034350116, 0.0002715036, 0.0036053793, -0.0023684858, 0.00450751, -0.015565682, 0.014584969, -0.030628435, 0.050368436, -0.005415927, -0.020142345, 0.013943733, -0.021060193, -0.0089458665, 0.031483416, -0.007984013, 0.0046426724, 0.0005402568, 0.009253912, -0.018080331, -0.006896427, 0.006129459, 0.0010396505, -0.020607555, -0.021160778, -0.0108192805, 0.0094487965, -0.021336803, 0.011070746, 0.012284065, 0.011554816, 0.018319223, 0.02031837, -0.007587956, -0.026127212, -0.012548102, 0.0308799, 0.013692268, 0.013541389, -0.007066166, -0.002654527, 0.0026985335, -0.01640809, 0.013654549, 0.007349064, 0.010259771, -0.0053027677, 0.020632701, 0.024744155, -0.021638561, -0.004086306, 0.013113899, 0.016936166, -0.0037499715, 0.0128435735, 0.027962906, 0.02538539, 0.0028179795, -0.0006604885, -0.016144052, -0.0040485864, -0.014547249, 0.018004892, 0.009712835, -0.012108039, -0.012654975, 0.003423067, 0.00008521323, -0.002984575, 0.014610115, 0.02043153, -0.0039794333, 0.014962167, -0.004246615, -0.0135288155, -0.012196052, -0.018708995, 0.0061388887, -0.001156739, 0.018206064, 0.02642897, -0.023851454, -0.0041617453, 0.042673606, -0.05401468, 0.004281191, 0.02488246, -0.012692695, 0.0052713347, 0.0030207231, 0.0038096944, -0.0077388347, -0.0013280495, 0.029848892, -0.026579848, 0.014610115, 0.022040905, -0.0058622775, 0.011372504, -0.015452523, 0.00062866247, 0.013943733, 0.002641954, -0.013830574, -0.026755873, 0.034576435, -0.0144592365, -0.0067078285, 0.024807021, -0.00838007, 0.019626841, 0.036286395, -0.020180065, -0.022883313, 0.0128750065, 0.023776013, 0.013654549, 0.004149172, 0.026655288, -0.03942971, -0.05069534, 0.03920339, -0.029647721, 0.00694672, 0.009543096, -0.0066701085, -0.018042613, 0.0032344684, 0.04121511, 0.030402116, -0.030905046, -0.041542016, -0.023436537, 0.020934459, 0.0116113955, -0.00948023, 0.03115651, -0.0027881179, 0.006776981, 0.0032847612, -0.016106332, -0.02255641, -0.00082826277, -0.013692268, 0.04948831, -0.046571314, -0.0007001728, 0.024115492, 0.0035362262, -0.016093759, -0.023511976, -0.012963019, 0.002541368, 0.0049852934, 0.0029311387, 0.016043466, -0.029748308, 0.01996632, -0.017791146, -0.0002787725, -0.028968766, 0.003624239, 0.01286872, -0.003724825, 0.02229237, 0.03633669, -0.00248636, 0.0010883718, -0.0068398477, 0.036663596, 0.009297918, -0.024681287, 0.00936707, -0.0016643838, -0.020129772, 0.0054002106, 0.021211071, 0.012139472, -0.029069351, -0.03080446, -0.018042613, -0.000006421689, -0.0017303934, -0.013654549, 0.0024014905, -0.040611595, -0.00039271757, -0.0045640892, 0.031483416, 0.013767708, 0.026051773, -0.0045860927, 0.021311658, 0.037568867, -0.0045137964, -0.0058937105, -0.030075211, 0.021387096, -0.03369631, 0.0047652614, -0.014584969, 0.0077325483, 0.012755561, -0.06457621, -0.0058654207, 0.011045599, -0.006563236, -0.03165944, 0.005063876, 0.013516243, 0.027837174, 0.0037908347, -0.008235478, 0.014056892, 0.021726575, 0.012447516, 0.0046175257, -0.031910907, -0.018482676, -0.0023024762, -0.02635353, -0.010228338, -0.0008974156, -0.010812994, 0.0062331883, -0.00348279, 0.0376946, -0.0014514244, -0.043855492, -0.0060791657, -0.026906753, -0.019337658, -0.0014082039, -0.038801048, 0.014647835, -0.0021123057, 0.019815441, -0.026831314, 0.01238465, 0.019941173, 0.024253797, -0.010222051, 0.024014905, 0.015490243, -0.025071058, 0.009172185, 0.025687147, 0.0044446434, 0.024278944, -0.008644109, 0.004268618, -0.008776127, 0.011730841, -0.007349064, -0.037644308, 0.014559822, 0.006613529, 0.02886818, 0.022418102, -0.014308358, 0.012076606, 0.0073616374, 0.012648689, -0.020054333, 0.0035865193, 0.00845551, -0.0015716561, 0.0082606245, 0.02542311, -0.011963447, 0.015213631, -0.0049821497, -0.045565456, -0.02089674, 0.00018408023, -0.009536809, 0.004117739, -0.0054819365, 0.037015647, 0.008254338, -0.043428004, 0.011202765, 0.017816294, 0.00843665, -0.00019449244, 0.002582231, 0.007537663, -0.014283211, 0.0021374524, -0.0054787933, 0.044760767, 0.0028572709, -0.034450702, -0.021852307, -0.0048155542, -0.005529086, 0.025096204, 0.00692786, -0.0015205774, 0.023398817, 0.011913153, -0.02128651, -0.0044509303, 0.013604255, 0.11828913, -0.0106055355, 0.022418102, -0.027686294, 0.03598464, -0.035431415, 0.004850131, -0.035632588, 0.008273198, 0.0011598822, -0.03950515, 0.02000404, 0.000067482986, 0.0070158727, 0.042899925, -0.0073867836, -0.03238869, 0.002778688, 0.026102064, 0.04020925, 0.010511236, -0.000066304245, -0.010077459, 0.036638446, 0.004315768, -0.011988593, 0.008072026, 0.0025570844, -0.029848892, -0.0039794333, 0.020708142, -0.01957655, 0.0258506, -0.0041743186, 0.013755134, -0.015414803, 0.026378676, 0.028541274, 0.008732121, -0.01087586, 0.04802981, -0.008197758, 0.021223644, -0.00992658, 0.007248478, -0.017489389, -0.02283302, 0.041894067, 0.013604255, 0.0052587613, 0.03281618, -0.054517608, -0.014773567, -0.011693122, -0.0050764494, 0.030351823, 0.003592806, 0.011297064, -0.0017429666, -0.0055133696, -0.04207009, -0.008097173, -0.02097218, 0.015993172, -0.00946137 ] } ], | F10: =LEN(E10)-LEN(SUBSTITUTE(E10,",",""))+1 -> 1537
